no,title,link
0,10.26早读 | Brian McKnight—Back At One,http://mp.weixin.qq.com/s?__biz=MzI4OTAyODUxNA==&mid=2653556125&idx=1&sn=e53d239417d26d21c7d3521c83bbf697&chksm=f7ebcd50c09c44469782eda1309669e1f5cfd039ad256d95c3924c6db76979b05e3daaa1b818#rd
1,way to go 原来是这个意思~,http://mp.weixin.qq.com/s?__biz=MzI4OTAyODUxNA==&mid=2653556125&idx=2&sn=0cfc313e55357b1e8435a71b67d6cc93&chksm=f7ebcd50c09c4446a6734c0e97cd7f3e33e5a6daaabc2db14a82c8d6a44f27f00754473afe67#rd
2,每日听写|10.26,http://mp.weixin.qq.com/s?__biz=MzI4OTAyODUxNA==&mid=2653556125&idx=3&sn=a738674ea67d4e2305ff6c3d953ba208&chksm=f7ebcd50c09c44462a31b4f24a786c18c477078f5bdeb4c563432d1fa4f0e56e5c19788442b3#rd
3,我们一起神翻译|10.26,http://mp.weixin.qq.com/s?__biz=MzI4OTAyODUxNA==&mid=2653556125&idx=4&sn=291f28b854de93c18b1b6e5b6b3d007a&chksm=f7ebcd50c09c44461ad23148131579f46049c305480171e95544f796a800a5ace690c0271377#rd
4,每日一句|10.26,http://mp.weixin.qq.com/s?__biz=MzI4OTAyODUxNA==&mid=2653556125&idx=5&sn=dfb2db8be5f8031979e7a05b19df83c1&chksm=f7ebcd50c09c4446bc462b5fdba95c055c79820825581f1ce7a0d716861f51012f24c9e46e7f#rd
5,10.25早读 | 勇于接受挑战，克服心中恐惧，追寻渴望的宝藏，等待属于你的冒险故事的开始,http://mp.weixin.qq.com/s?__biz=MzI4OTAyODUxNA==&mid=2653556080&idx=1&sn=2898d4c10cb28c30255089f1b88ce37f&chksm=f7ebcdbdc09c44abe94f5a602c5da5a7eb43abfe0033d53fa94250944009c047d78b504c1555#rd
6,【老外说】生命在于运动,http://mp.weixin.qq.com/s?__biz=MzI4OTAyODUxNA==&mid=2653556080&idx=2&sn=3f7c4ecdecdc35b16bddd07aa79b8d0a&chksm=f7ebcdbdc09c44abf9c13d52e01194f537fe46281ef4aa4807359f5d459c89e3e395271827d1#rd
7,每日听写|10.25,http://mp.weixin.qq.com/s?__biz=MzI4OTAyODUxNA==&mid=2653556080&idx=3&sn=b35150a82be7b13ff940cefbae4006d8&chksm=f7ebcdbdc09c44abb93fbbd866eb47cda521386e75785c3021c7a881224ff739f5ae46b5888f#rd
8,我们一起神翻译|10.25,http://mp.weixin.qq.com/s?__biz=MzI4OTAyODUxNA==&mid=2653556080&idx=4&sn=fc64d846f1f3272c631bfb7eaf00d653&chksm=f7ebcdbdc09c44abff37dde906fd3801900b93ba3509998341a0fc12e8ea7d9845d9df233d91#rd
9,每日一句|10.25,http://mp.weixin.qq.com/s?__biz=MzI4OTAyODUxNA==&mid=2653556080&idx=5&sn=533bbf8555ebd09e6bf53281e79b98d4&chksm=f7ebcdbdc09c44ab8daca32be3d91cec23d72984662df1f3f72d20491f9f03138a2056e47bdd#rd
10,为你读诗-The Road Not Taken,http://mp.weixin.qq.com/s?__biz=MzI4OTAyODUxNA==&mid=2653556017&idx=1&sn=f68607ed9875f9bc9a969d0222fb1dfd&chksm=f7ebcdfcc09c44eaf96b97933d88b40066e65acab416a880a59247e83e9a3039682954e311d4#rd
11,10.24早读 | 困境总有时，但也正是因为这样，你才会时时记得幸福时刻的美好,http://mp.weixin.qq.com/s?__biz=MzI4OTAyODUxNA==&mid=2653556017&idx=2&sn=c30f939e920a19f2d5d5d1f62e41dbaa&chksm=f7ebcdfcc09c44ead48a9fa85a555a2988aee9c4907200f836469ae9daee86515a7875f8a7c8#rd
12,每日听写飞鸟集|The Lake House07,http://mp.weixin.qq.com/s?__biz=MzI4OTAyODUxNA==&mid=2653556017&idx=3&sn=b4b2c45b65f5613a8171ced6f23631f6&chksm=f7ebcdfcc09c44ea3abbd6b8bcbf8c020fb15e11383a64f7690d77d9dcdb2fbc2db74744bc04#rd
13,听歌学英文 | I Waiting For Love-Avicii/Martin Garrix,http://mp.weixin.qq.com/s?__biz=MzI4OTAyODUxNA==&mid=2653556004&idx=1&sn=9d88b25f42b1059511f8db6c0b630239&chksm=f7ebcde9c09c44ffd66364147be84a35532a837e8da37875535d5f0a1309aba0a86f259eee5e#rd
14,10.23早读 | 我们需要更多的女性掌舵，更多的有色人种掌舵，更多的残疾人掌舵,http://mp.weixin.qq.com/s?__biz=MzI4OTAyODUxNA==&mid=2653556004&idx=2&sn=9ccf6e362cce48208697aa0a08b5f62b&chksm=f7ebcde9c09c44ff177c7c06ba93c1584353477efee48fcbf68d05fdf67f33f6b6bd50929332#rd
15,每日听写10.18-10.22初级汇总,http://mp.weixin.qq.com/s?__biz=MzI4OTAyODUxNA==&mid=2653556004&idx=3&sn=bd117f66b14c06248fa98f2ff2a3f9ad&chksm=f7ebcde9c09c44ffdd2dc1832e7dc1e3866f81afd91623ad874bfa8581c98b56c2d3fbcd0626#rd
16,10.22早读 | 当我们做选择时，命运很少眷顾我们,http://mp.weixin.qq.com/s?__biz=MzI4OTAyODUxNA==&mid=2653555983&idx=1&sn=b5359d8f745af698971a476238cabafc&chksm=f7ebcdc2c09c44d4fd24935fdd1a262bf9fabf5d57947e762846a6a6f12aa1275dfac74338fb#rd
17,“渡过难关”用英语怎么说？,http://mp.weixin.qq.com/s?__biz=MzI4OTAyODUxNA==&mid=2653555983&idx=2&sn=d030d303b541668ba6a4a1217245ff02&chksm=f7ebcdc2c09c44d447d1050e6d6330dfff81b0448e75b1bd2b06cab1032189788af06e354c60#rd
18,每日听写|10.22,http://mp.weixin.qq.com/s?__biz=MzI4OTAyODUxNA==&mid=2653555983&idx=3&sn=042701883f9cef91c533f99605665a49&chksm=f7ebcdc2c09c44d4e1f845dcf6559ac84ddd5b0671f3ad625fe8aa7cd5ff42a4f029900aa0bd#rd
19,我们一起神翻译|10.22,http://mp.weixin.qq.com/s?__biz=MzI4OTAyODUxNA==&mid=2653555983&idx=4&sn=5d7f0d1513d83fd1ccb45ff430e1a319&chksm=f7ebcdc2c09c44d43c2f54d919a2a114c49c59c36533781e2a25a1d7c20a1935161fbebf3c9e#rd
20,每日一句|10.22,http://mp.weixin.qq.com/s?__biz=MzI4OTAyODUxNA==&mid=2653555983&idx=5&sn=9ed4aacabaa838fd937ed4fa20b1f3c6&chksm=f7ebcdc2c09c44d44737d527cf98c298dc6fd16b25f08bcd11ac00af0af9ddc9fc1b6b4aa177#rd
21,10.26早读 | Brian McKnight—Back At One,http://mp.weixin.qq.com/s?__biz=MzI4OTAyODUxNA==&mid=2653556125&idx=1&sn=e53d239417d26d21c7d3521c83bbf697&chksm=f7ebcd50c09c44469782eda1309669e1f5cfd039ad256d95c3924c6db76979b05e3daaa1b818#rd
22,way to go 原来是这个意思~,http://mp.weixin.qq.com/s?__biz=MzI4OTAyODUxNA==&mid=2653556125&idx=2&sn=0cfc313e55357b1e8435a71b67d6cc93&chksm=f7ebcd50c09c4446a6734c0e97cd7f3e33e5a6daaabc2db14a82c8d6a44f27f00754473afe67#rd
23,每日听写|10.26,http://mp.weixin.qq.com/s?__biz=MzI4OTAyODUxNA==&mid=2653556125&idx=3&sn=a738674ea67d4e2305ff6c3d953ba208&chksm=f7ebcd50c09c44462a31b4f24a786c18c477078f5bdeb4c563432d1fa4f0e56e5c19788442b3#rd
24,我们一起神翻译|10.26,http://mp.weixin.qq.com/s?__biz=MzI4OTAyODUxNA==&mid=2653556125&idx=4&sn=291f28b854de93c18b1b6e5b6b3d007a&chksm=f7ebcd50c09c44461ad23148131579f46049c305480171e95544f796a800a5ace690c0271377#rd
25,每日一句|10.26,http://mp.weixin.qq.com/s?__biz=MzI4OTAyODUxNA==&mid=2653556125&idx=5&sn=dfb2db8be5f8031979e7a05b19df83c1&chksm=f7ebcd50c09c4446bc462b5fdba95c055c79820825581f1ce7a0d716861f51012f24c9e46e7f#rd
26,10.25早读 | 勇于接受挑战，克服心中恐惧，追寻渴望的宝藏，等待属于你的冒险故事的开始,http://mp.weixin.qq.com/s?__biz=MzI4OTAyODUxNA==&mid=2653556080&idx=1&sn=2898d4c10cb28c30255089f1b88ce37f&chksm=f7ebcdbdc09c44abe94f5a602c5da5a7eb43abfe0033d53fa94250944009c047d78b504c1555#rd
27,【老外说】生命在于运动,http://mp.weixin.qq.com/s?__biz=MzI4OTAyODUxNA==&mid=2653556080&idx=2&sn=3f7c4ecdecdc35b16bddd07aa79b8d0a&chksm=f7ebcdbdc09c44abf9c13d52e01194f537fe46281ef4aa4807359f5d459c89e3e395271827d1#rd
28,每日听写|10.25,http://mp.weixin.qq.com/s?__biz=MzI4OTAyODUxNA==&mid=2653556080&idx=3&sn=b35150a82be7b13ff940cefbae4006d8&chksm=f7ebcdbdc09c44abb93fbbd866eb47cda521386e75785c3021c7a881224ff739f5ae46b5888f#rd
29,我们一起神翻译|10.25,http://mp.weixin.qq.com/s?__biz=MzI4OTAyODUxNA==&mid=2653556080&idx=4&sn=fc64d846f1f3272c631bfb7eaf00d653&chksm=f7ebcdbdc09c44abff37dde906fd3801900b93ba3509998341a0fc12e8ea7d9845d9df233d91#rd
30,每日一句|10.25,http://mp.weixin.qq.com/s?__biz=MzI4OTAyODUxNA==&mid=2653556080&idx=5&sn=533bbf8555ebd09e6bf53281e79b98d4&chksm=f7ebcdbdc09c44ab8daca32be3d91cec23d72984662df1f3f72d20491f9f03138a2056e47bdd#rd
31,为你读诗-The Road Not Taken,http://mp.weixin.qq.com/s?__biz=MzI4OTAyODUxNA==&mid=2653556017&idx=1&sn=f68607ed9875f9bc9a969d0222fb1dfd&chksm=f7ebcdfcc09c44eaf96b97933d88b40066e65acab416a880a59247e83e9a3039682954e311d4#rd
32,10.24早读 | 困境总有时，但也正是因为这样，你才会时时记得幸福时刻的美好,http://mp.weixin.qq.com/s?__biz=MzI4OTAyODUxNA==&mid=2653556017&idx=2&sn=c30f939e920a19f2d5d5d1f62e41dbaa&chksm=f7ebcdfcc09c44ead48a9fa85a555a2988aee9c4907200f836469ae9daee86515a7875f8a7c8#rd
33,每日听写飞鸟集|The Lake House07,http://mp.weixin.qq.com/s?__biz=MzI4OTAyODUxNA==&mid=2653556017&idx=3&sn=b4b2c45b65f5613a8171ced6f23631f6&chksm=f7ebcdfcc09c44ea3abbd6b8bcbf8c020fb15e11383a64f7690d77d9dcdb2fbc2db74744bc04#rd
34,听歌学英文 | I Waiting For Love-Avicii/Martin Garrix,http://mp.weixin.qq.com/s?__biz=MzI4OTAyODUxNA==&mid=2653556004&idx=1&sn=9d88b25f42b1059511f8db6c0b630239&chksm=f7ebcde9c09c44ffd66364147be84a35532a837e8da37875535d5f0a1309aba0a86f259eee5e#rd
35,10.23早读 | 我们需要更多的女性掌舵，更多的有色人种掌舵，更多的残疾人掌舵,http://mp.weixin.qq.com/s?__biz=MzI4OTAyODUxNA==&mid=2653556004&idx=2&sn=9ccf6e362cce48208697aa0a08b5f62b&chksm=f7ebcde9c09c44ff177c7c06ba93c1584353477efee48fcbf68d05fdf67f33f6b6bd50929332#rd
36,每日听写10.18-10.22初级汇总,http://mp.weixin.qq.com/s?__biz=MzI4OTAyODUxNA==&mid=2653556004&idx=3&sn=bd117f66b14c06248fa98f2ff2a3f9ad&chksm=f7ebcde9c09c44ffdd2dc1832e7dc1e3866f81afd91623ad874bfa8581c98b56c2d3fbcd0626#rd
37,10.22早读 | 当我们做选择时，命运很少眷顾我们,http://mp.weixin.qq.com/s?__biz=MzI4OTAyODUxNA==&mid=2653555983&idx=1&sn=b5359d8f745af698971a476238cabafc&chksm=f7ebcdc2c09c44d4fd24935fdd1a262bf9fabf5d57947e762846a6a6f12aa1275dfac74338fb#rd
38,“渡过难关”用英语怎么说？,http://mp.weixin.qq.com/s?__biz=MzI4OTAyODUxNA==&mid=2653555983&idx=2&sn=d030d303b541668ba6a4a1217245ff02&chksm=f7ebcdc2c09c44d447d1050e6d6330dfff81b0448e75b1bd2b06cab1032189788af06e354c60#rd
39,每日听写|10.22,http://mp.weixin.qq.com/s?__biz=MzI4OTAyODUxNA==&mid=2653555983&idx=3&sn=042701883f9cef91c533f99605665a49&chksm=f7ebcdc2c09c44d4e1f845dcf6559ac84ddd5b0671f3ad625fe8aa7cd5ff42a4f029900aa0bd#rd
40,我们一起神翻译|10.22,http://mp.weixin.qq.com/s?__biz=MzI4OTAyODUxNA==&mid=2653555983&idx=4&sn=5d7f0d1513d83fd1ccb45ff430e1a319&chksm=f7ebcdc2c09c44d43c2f54d919a2a114c49c59c36533781e2a25a1d7c20a1935161fbebf3c9e#rd
41,每日一句|10.22,http://mp.weixin.qq.com/s?__biz=MzI4OTAyODUxNA==&mid=2653555983&idx=5&sn=9ed4aacabaa838fd937ed4fa20b1f3c6&chksm=f7ebcdc2c09c44d44737d527cf98c298dc6fd16b25f08bcd11ac00af0af9ddc9fc1b6b4aa177#rd
42,10.26早读 | Brian McKnight—Back At One,http://mp.weixin.qq.com/s?__biz=MzI4OTAyODUxNA==&mid=2653556125&idx=1&sn=e53d239417d26d21c7d3521c83bbf697&chksm=f7ebcd50c09c44469782eda1309669e1f5cfd039ad256d95c3924c6db76979b05e3daaa1b818#rd
43,way to go 原来是这个意思~,http://mp.weixin.qq.com/s?__biz=MzI4OTAyODUxNA==&mid=2653556125&idx=2&sn=0cfc313e55357b1e8435a71b67d6cc93&chksm=f7ebcd50c09c4446a6734c0e97cd7f3e33e5a6daaabc2db14a82c8d6a44f27f00754473afe67#rd
44,每日听写|10.26,http://mp.weixin.qq.com/s?__biz=MzI4OTAyODUxNA==&mid=2653556125&idx=3&sn=a738674ea67d4e2305ff6c3d953ba208&chksm=f7ebcd50c09c44462a31b4f24a786c18c477078f5bdeb4c563432d1fa4f0e56e5c19788442b3#rd
45,我们一起神翻译|10.26,http://mp.weixin.qq.com/s?__biz=MzI4OTAyODUxNA==&mid=2653556125&idx=4&sn=291f28b854de93c18b1b6e5b6b3d007a&chksm=f7ebcd50c09c44461ad23148131579f46049c305480171e95544f796a800a5ace690c0271377#rd
46,每日一句|10.26,http://mp.weixin.qq.com/s?__biz=MzI4OTAyODUxNA==&mid=2653556125&idx=5&sn=dfb2db8be5f8031979e7a05b19df83c1&chksm=f7ebcd50c09c4446bc462b5fdba95c055c79820825581f1ce7a0d716861f51012f24c9e46e7f#rd
47,10.25早读 | 勇于接受挑战，克服心中恐惧，追寻渴望的宝藏，等待属于你的冒险故事的开始,http://mp.weixin.qq.com/s?__biz=MzI4OTAyODUxNA==&mid=2653556080&idx=1&sn=2898d4c10cb28c30255089f1b88ce37f&chksm=f7ebcdbdc09c44abe94f5a602c5da5a7eb43abfe0033d53fa94250944009c047d78b504c1555#rd
48,【老外说】生命在于运动,http://mp.weixin.qq.com/s?__biz=MzI4OTAyODUxNA==&mid=2653556080&idx=2&sn=3f7c4ecdecdc35b16bddd07aa79b8d0a&chksm=f7ebcdbdc09c44abf9c13d52e01194f537fe46281ef4aa4807359f5d459c89e3e395271827d1#rd
49,每日听写|10.25,http://mp.weixin.qq.com/s?__biz=MzI4OTAyODUxNA==&mid=2653556080&idx=3&sn=b35150a82be7b13ff940cefbae4006d8&chksm=f7ebcdbdc09c44abb93fbbd866eb47cda521386e75785c3021c7a881224ff739f5ae46b5888f#rd
50,我们一起神翻译|10.25,http://mp.weixin.qq.com/s?__biz=MzI4OTAyODUxNA==&mid=2653556080&idx=4&sn=fc64d846f1f3272c631bfb7eaf00d653&chksm=f7ebcdbdc09c44abff37dde906fd3801900b93ba3509998341a0fc12e8ea7d9845d9df233d91#rd
51,每日一句|10.25,http://mp.weixin.qq.com/s?__biz=MzI4OTAyODUxNA==&mid=2653556080&idx=5&sn=533bbf8555ebd09e6bf53281e79b98d4&chksm=f7ebcdbdc09c44ab8daca32be3d91cec23d72984662df1f3f72d20491f9f03138a2056e47bdd#rd
52,为你读诗-The Road Not Taken,http://mp.weixin.qq.com/s?__biz=MzI4OTAyODUxNA==&mid=2653556017&idx=1&sn=f68607ed9875f9bc9a969d0222fb1dfd&chksm=f7ebcdfcc09c44eaf96b97933d88b40066e65acab416a880a59247e83e9a3039682954e311d4#rd
53,10.24早读 | 困境总有时，但也正是因为这样，你才会时时记得幸福时刻的美好,http://mp.weixin.qq.com/s?__biz=MzI4OTAyODUxNA==&mid=2653556017&idx=2&sn=c30f939e920a19f2d5d5d1f62e41dbaa&chksm=f7ebcdfcc09c44ead48a9fa85a555a2988aee9c4907200f836469ae9daee86515a7875f8a7c8#rd
54,每日听写飞鸟集|The Lake House07,http://mp.weixin.qq.com/s?__biz=MzI4OTAyODUxNA==&mid=2653556017&idx=3&sn=b4b2c45b65f5613a8171ced6f23631f6&chksm=f7ebcdfcc09c44ea3abbd6b8bcbf8c020fb15e11383a64f7690d77d9dcdb2fbc2db74744bc04#rd
55,听歌学英文 | I Waiting For Love-Avicii/Martin Garrix,http://mp.weixin.qq.com/s?__biz=MzI4OTAyODUxNA==&mid=2653556004&idx=1&sn=9d88b25f42b1059511f8db6c0b630239&chksm=f7ebcde9c09c44ffd66364147be84a35532a837e8da37875535d5f0a1309aba0a86f259eee5e#rd
56,10.23早读 | 我们需要更多的女性掌舵，更多的有色人种掌舵，更多的残疾人掌舵,http://mp.weixin.qq.com/s?__biz=MzI4OTAyODUxNA==&mid=2653556004&idx=2&sn=9ccf6e362cce48208697aa0a08b5f62b&chksm=f7ebcde9c09c44ff177c7c06ba93c1584353477efee48fcbf68d05fdf67f33f6b6bd50929332#rd
57,每日听写10.18-10.22初级汇总,http://mp.weixin.qq.com/s?__biz=MzI4OTAyODUxNA==&mid=2653556004&idx=3&sn=bd117f66b14c06248fa98f2ff2a3f9ad&chksm=f7ebcde9c09c44ffdd2dc1832e7dc1e3866f81afd91623ad874bfa8581c98b56c2d3fbcd0626#rd
58,10.22早读 | 当我们做选择时，命运很少眷顾我们,http://mp.weixin.qq.com/s?__biz=MzI4OTAyODUxNA==&mid=2653555983&idx=1&sn=b5359d8f745af698971a476238cabafc&chksm=f7ebcdc2c09c44d4fd24935fdd1a262bf9fabf5d57947e762846a6a6f12aa1275dfac74338fb#rd
59,“渡过难关”用英语怎么说？,http://mp.weixin.qq.com/s?__biz=MzI4OTAyODUxNA==&mid=2653555983&idx=2&sn=d030d303b541668ba6a4a1217245ff02&chksm=f7ebcdc2c09c44d447d1050e6d6330dfff81b0448e75b1bd2b06cab1032189788af06e354c60#rd
60,每日听写|10.22,http://mp.weixin.qq.com/s?__biz=MzI4OTAyODUxNA==&mid=2653555983&idx=3&sn=042701883f9cef91c533f99605665a49&chksm=f7ebcdc2c09c44d4e1f845dcf6559ac84ddd5b0671f3ad625fe8aa7cd5ff42a4f029900aa0bd#rd
61,我们一起神翻译|10.22,http://mp.weixin.qq.com/s?__biz=MzI4OTAyODUxNA==&mid=2653555983&idx=4&sn=5d7f0d1513d83fd1ccb45ff430e1a319&chksm=f7ebcdc2c09c44d43c2f54d919a2a114c49c59c36533781e2a25a1d7c20a1935161fbebf3c9e#rd
62,每日一句|10.22,http://mp.weixin.qq.com/s?__biz=MzI4OTAyODUxNA==&mid=2653555983&idx=5&sn=9ed4aacabaa838fd937ed4fa20b1f3c6&chksm=f7ebcdc2c09c44d44737d527cf98c298dc6fd16b25f08bcd11ac00af0af9ddc9fc1b6b4aa177#rd
63,10.26早读 | Brian McKnight—Back At One,http://mp.weixin.qq.com/s?__biz=MzI4OTAyODUxNA==&mid=2653556125&idx=1&sn=e53d239417d26d21c7d3521c83bbf697&chksm=f7ebcd50c09c44469782eda1309669e1f5cfd039ad256d95c3924c6db76979b05e3daaa1b818#rd
64,way to go 原来是这个意思~,http://mp.weixin.qq.com/s?__biz=MzI4OTAyODUxNA==&mid=2653556125&idx=2&sn=0cfc313e55357b1e8435a71b67d6cc93&chksm=f7ebcd50c09c4446a6734c0e97cd7f3e33e5a6daaabc2db14a82c8d6a44f27f00754473afe67#rd
65,每日听写|10.26,http://mp.weixin.qq.com/s?__biz=MzI4OTAyODUxNA==&mid=2653556125&idx=3&sn=a738674ea67d4e2305ff6c3d953ba208&chksm=f7ebcd50c09c44462a31b4f24a786c18c477078f5bdeb4c563432d1fa4f0e56e5c19788442b3#rd
66,我们一起神翻译|10.26,http://mp.weixin.qq.com/s?__biz=MzI4OTAyODUxNA==&mid=2653556125&idx=4&sn=291f28b854de93c18b1b6e5b6b3d007a&chksm=f7ebcd50c09c44461ad23148131579f46049c305480171e95544f796a800a5ace690c0271377#rd
67,每日一句|10.26,http://mp.weixin.qq.com/s?__biz=MzI4OTAyODUxNA==&mid=2653556125&idx=5&sn=dfb2db8be5f8031979e7a05b19df83c1&chksm=f7ebcd50c09c4446bc462b5fdba95c055c79820825581f1ce7a0d716861f51012f24c9e46e7f#rd
68,10.25早读 | 勇于接受挑战，克服心中恐惧，追寻渴望的宝藏，等待属于你的冒险故事的开始,http://mp.weixin.qq.com/s?__biz=MzI4OTAyODUxNA==&mid=2653556080&idx=1&sn=2898d4c10cb28c30255089f1b88ce37f&chksm=f7ebcdbdc09c44abe94f5a602c5da5a7eb43abfe0033d53fa94250944009c047d78b504c1555#rd
69,【老外说】生命在于运动,http://mp.weixin.qq.com/s?__biz=MzI4OTAyODUxNA==&mid=2653556080&idx=2&sn=3f7c4ecdecdc35b16bddd07aa79b8d0a&chksm=f7ebcdbdc09c44abf9c13d52e01194f537fe46281ef4aa4807359f5d459c89e3e395271827d1#rd
70,每日听写|10.25,http://mp.weixin.qq.com/s?__biz=MzI4OTAyODUxNA==&mid=2653556080&idx=3&sn=b35150a82be7b13ff940cefbae4006d8&chksm=f7ebcdbdc09c44abb93fbbd866eb47cda521386e75785c3021c7a881224ff739f5ae46b5888f#rd
71,我们一起神翻译|10.25,http://mp.weixin.qq.com/s?__biz=MzI4OTAyODUxNA==&mid=2653556080&idx=4&sn=fc64d846f1f3272c631bfb7eaf00d653&chksm=f7ebcdbdc09c44abff37dde906fd3801900b93ba3509998341a0fc12e8ea7d9845d9df233d91#rd
72,每日一句|10.25,http://mp.weixin.qq.com/s?__biz=MzI4OTAyODUxNA==&mid=2653556080&idx=5&sn=533bbf8555ebd09e6bf53281e79b98d4&chksm=f7ebcdbdc09c44ab8daca32be3d91cec23d72984662df1f3f72d20491f9f03138a2056e47bdd#rd
73,为你读诗-The Road Not Taken,http://mp.weixin.qq.com/s?__biz=MzI4OTAyODUxNA==&mid=2653556017&idx=1&sn=f68607ed9875f9bc9a969d0222fb1dfd&chksm=f7ebcdfcc09c44eaf96b97933d88b40066e65acab416a880a59247e83e9a3039682954e311d4#rd
74,10.24早读 | 困境总有时，但也正是因为这样，你才会时时记得幸福时刻的美好,http://mp.weixin.qq.com/s?__biz=MzI4OTAyODUxNA==&mid=2653556017&idx=2&sn=c30f939e920a19f2d5d5d1f62e41dbaa&chksm=f7ebcdfcc09c44ead48a9fa85a555a2988aee9c4907200f836469ae9daee86515a7875f8a7c8#rd
75,每日听写飞鸟集|The Lake House07,http://mp.weixin.qq.com/s?__biz=MzI4OTAyODUxNA==&mid=2653556017&idx=3&sn=b4b2c45b65f5613a8171ced6f23631f6&chksm=f7ebcdfcc09c44ea3abbd6b8bcbf8c020fb15e11383a64f7690d77d9dcdb2fbc2db74744bc04#rd
76,听歌学英文 | I Waiting For Love-Avicii/Martin Garrix,http://mp.weixin.qq.com/s?__biz=MzI4OTAyODUxNA==&mid=2653556004&idx=1&sn=9d88b25f42b1059511f8db6c0b630239&chksm=f7ebcde9c09c44ffd66364147be84a35532a837e8da37875535d5f0a1309aba0a86f259eee5e#rd
77,10.23早读 | 我们需要更多的女性掌舵，更多的有色人种掌舵，更多的残疾人掌舵,http://mp.weixin.qq.com/s?__biz=MzI4OTAyODUxNA==&mid=2653556004&idx=2&sn=9ccf6e362cce48208697aa0a08b5f62b&chksm=f7ebcde9c09c44ff177c7c06ba93c1584353477efee48fcbf68d05fdf67f33f6b6bd50929332#rd
78,每日听写10.18-10.22初级汇总,http://mp.weixin.qq.com/s?__biz=MzI4OTAyODUxNA==&mid=2653556004&idx=3&sn=bd117f66b14c06248fa98f2ff2a3f9ad&chksm=f7ebcde9c09c44ffdd2dc1832e7dc1e3866f81afd91623ad874bfa8581c98b56c2d3fbcd0626#rd
79,10.22早读 | 当我们做选择时，命运很少眷顾我们,http://mp.weixin.qq.com/s?__biz=MzI4OTAyODUxNA==&mid=2653555983&idx=1&sn=b5359d8f745af698971a476238cabafc&chksm=f7ebcdc2c09c44d4fd24935fdd1a262bf9fabf5d57947e762846a6a6f12aa1275dfac74338fb#rd
80,“渡过难关”用英语怎么说？,http://mp.weixin.qq.com/s?__biz=MzI4OTAyODUxNA==&mid=2653555983&idx=2&sn=d030d303b541668ba6a4a1217245ff02&chksm=f7ebcdc2c09c44d447d1050e6d6330dfff81b0448e75b1bd2b06cab1032189788af06e354c60#rd
81,每日听写|10.22,http://mp.weixin.qq.com/s?__biz=MzI4OTAyODUxNA==&mid=2653555983&idx=3&sn=042701883f9cef91c533f99605665a49&chksm=f7ebcdc2c09c44d4e1f845dcf6559ac84ddd5b0671f3ad625fe8aa7cd5ff42a4f029900aa0bd#rd
82,我们一起神翻译|10.22,http://mp.weixin.qq.com/s?__biz=MzI4OTAyODUxNA==&mid=2653555983&idx=4&sn=5d7f0d1513d83fd1ccb45ff430e1a319&chksm=f7ebcdc2c09c44d43c2f54d919a2a114c49c59c36533781e2a25a1d7c20a1935161fbebf3c9e#rd
83,每日一句|10.22,http://mp.weixin.qq.com/s?__biz=MzI4OTAyODUxNA==&mid=2653555983&idx=5&sn=9ed4aacabaa838fd937ed4fa20b1f3c6&chksm=f7ebcdc2c09c44d44737d527cf98c298dc6fd16b25f08bcd11ac00af0af9ddc9fc1b6b4aa177#rd
84,10.26早读 | Brian McKnight—Back At One,http://mp.weixin.qq.com/s?__biz=MzI4OTAyODUxNA==&mid=2653556125&idx=1&sn=e53d239417d26d21c7d3521c83bbf697&chksm=f7ebcd50c09c44469782eda1309669e1f5cfd039ad256d95c3924c6db76979b05e3daaa1b818#rd
85,way to go 原来是这个意思~,http://mp.weixin.qq.com/s?__biz=MzI4OTAyODUxNA==&mid=2653556125&idx=2&sn=0cfc313e55357b1e8435a71b67d6cc93&chksm=f7ebcd50c09c4446a6734c0e97cd7f3e33e5a6daaabc2db14a82c8d6a44f27f00754473afe67#rd
86,每日听写|10.26,http://mp.weixin.qq.com/s?__biz=MzI4OTAyODUxNA==&mid=2653556125&idx=3&sn=a738674ea67d4e2305ff6c3d953ba208&chksm=f7ebcd50c09c44462a31b4f24a786c18c477078f5bdeb4c563432d1fa4f0e56e5c19788442b3#rd
87,我们一起神翻译|10.26,http://mp.weixin.qq.com/s?__biz=MzI4OTAyODUxNA==&mid=2653556125&idx=4&sn=291f28b854de93c18b1b6e5b6b3d007a&chksm=f7ebcd50c09c44461ad23148131579f46049c305480171e95544f796a800a5ace690c0271377#rd
88,每日一句|10.26,http://mp.weixin.qq.com/s?__biz=MzI4OTAyODUxNA==&mid=2653556125&idx=5&sn=dfb2db8be5f8031979e7a05b19df83c1&chksm=f7ebcd50c09c4446bc462b5fdba95c055c79820825581f1ce7a0d716861f51012f24c9e46e7f#rd
89,10.25早读 | 勇于接受挑战，克服心中恐惧，追寻渴望的宝藏，等待属于你的冒险故事的开始,http://mp.weixin.qq.com/s?__biz=MzI4OTAyODUxNA==&mid=2653556080&idx=1&sn=2898d4c10cb28c30255089f1b88ce37f&chksm=f7ebcdbdc09c44abe94f5a602c5da5a7eb43abfe0033d53fa94250944009c047d78b504c1555#rd
90,【老外说】生命在于运动,http://mp.weixin.qq.com/s?__biz=MzI4OTAyODUxNA==&mid=2653556080&idx=2&sn=3f7c4ecdecdc35b16bddd07aa79b8d0a&chksm=f7ebcdbdc09c44abf9c13d52e01194f537fe46281ef4aa4807359f5d459c89e3e395271827d1#rd
91,每日听写|10.25,http://mp.weixin.qq.com/s?__biz=MzI4OTAyODUxNA==&mid=2653556080&idx=3&sn=b35150a82be7b13ff940cefbae4006d8&chksm=f7ebcdbdc09c44abb93fbbd866eb47cda521386e75785c3021c7a881224ff739f5ae46b5888f#rd
92,我们一起神翻译|10.25,http://mp.weixin.qq.com/s?__biz=MzI4OTAyODUxNA==&mid=2653556080&idx=4&sn=fc64d846f1f3272c631bfb7eaf00d653&chksm=f7ebcdbdc09c44abff37dde906fd3801900b93ba3509998341a0fc12e8ea7d9845d9df233d91#rd
93,每日一句|10.25,http://mp.weixin.qq.com/s?__biz=MzI4OTAyODUxNA==&mid=2653556080&idx=5&sn=533bbf8555ebd09e6bf53281e79b98d4&chksm=f7ebcdbdc09c44ab8daca32be3d91cec23d72984662df1f3f72d20491f9f03138a2056e47bdd#rd
94,为你读诗-The Road Not Taken,http://mp.weixin.qq.com/s?__biz=MzI4OTAyODUxNA==&mid=2653556017&idx=1&sn=f68607ed9875f9bc9a969d0222fb1dfd&chksm=f7ebcdfcc09c44eaf96b97933d88b40066e65acab416a880a59247e83e9a3039682954e311d4#rd
95,10.24早读 | 困境总有时，但也正是因为这样，你才会时时记得幸福时刻的美好,http://mp.weixin.qq.com/s?__biz=MzI4OTAyODUxNA==&mid=2653556017&idx=2&sn=c30f939e920a19f2d5d5d1f62e41dbaa&chksm=f7ebcdfcc09c44ead48a9fa85a555a2988aee9c4907200f836469ae9daee86515a7875f8a7c8#rd
96,每日听写飞鸟集|The Lake House07,http://mp.weixin.qq.com/s?__biz=MzI4OTAyODUxNA==&mid=2653556017&idx=3&sn=b4b2c45b65f5613a8171ced6f23631f6&chksm=f7ebcdfcc09c44ea3abbd6b8bcbf8c020fb15e11383a64f7690d77d9dcdb2fbc2db74744bc04#rd
97,听歌学英文 | I Waiting For Love-Avicii/Martin Garrix,http://mp.weixin.qq.com/s?__biz=MzI4OTAyODUxNA==&mid=2653556004&idx=1&sn=9d88b25f42b1059511f8db6c0b630239&chksm=f7ebcde9c09c44ffd66364147be84a35532a837e8da37875535d5f0a1309aba0a86f259eee5e#rd
98,10.23早读 | 我们需要更多的女性掌舵，更多的有色人种掌舵，更多的残疾人掌舵,http://mp.weixin.qq.com/s?__biz=MzI4OTAyODUxNA==&mid=2653556004&idx=2&sn=9ccf6e362cce48208697aa0a08b5f62b&chksm=f7ebcde9c09c44ff177c7c06ba93c1584353477efee48fcbf68d05fdf67f33f6b6bd50929332#rd
99,每日听写10.18-10.22初级汇总,http://mp.weixin.qq.com/s?__biz=MzI4OTAyODUxNA==&mid=2653556004&idx=3&sn=bd117f66b14c06248fa98f2ff2a3f9ad&chksm=f7ebcde9c09c44ffdd2dc1832e7dc1e3866f81afd91623ad874bfa8581c98b56c2d3fbcd0626#rd
100,10.22早读 | 当我们做选择时，命运很少眷顾我们,http://mp.weixin.qq.com/s?__biz=MzI4OTAyODUxNA==&mid=2653555983&idx=1&sn=b5359d8f745af698971a476238cabafc&chksm=f7ebcdc2c09c44d4fd24935fdd1a262bf9fabf5d57947e762846a6a6f12aa1275dfac74338fb#rd
101,“渡过难关”用英语怎么说？,http://mp.weixin.qq.com/s?__biz=MzI4OTAyODUxNA==&mid=2653555983&idx=2&sn=d030d303b541668ba6a4a1217245ff02&chksm=f7ebcdc2c09c44d447d1050e6d6330dfff81b0448e75b1bd2b06cab1032189788af06e354c60#rd
102,每日听写|10.22,http://mp.weixin.qq.com/s?__biz=MzI4OTAyODUxNA==&mid=2653555983&idx=3&sn=042701883f9cef91c533f99605665a49&chksm=f7ebcdc2c09c44d4e1f845dcf6559ac84ddd5b0671f3ad625fe8aa7cd5ff42a4f029900aa0bd#rd
103,我们一起神翻译|10.22,http://mp.weixin.qq.com/s?__biz=MzI4OTAyODUxNA==&mid=2653555983&idx=4&sn=5d7f0d1513d83fd1ccb45ff430e1a319&chksm=f7ebcdc2c09c44d43c2f54d919a2a114c49c59c36533781e2a25a1d7c20a1935161fbebf3c9e#rd
104,每日一句|10.22,http://mp.weixin.qq.com/s?__biz=MzI4OTAyODUxNA==&mid=2653555983&idx=5&sn=9ed4aacabaa838fd937ed4fa20b1f3c6&chksm=f7ebcdc2c09c44d44737d527cf98c298dc6fd16b25f08bcd11ac00af0af9ddc9fc1b6b4aa177#rd
105,10.26早读 | Brian McKnight—Back At One,http://mp.weixin.qq.com/s?__biz=MzI4OTAyODUxNA==&mid=2653556125&idx=1&sn=e53d239417d26d21c7d3521c83bbf697&chksm=f7ebcd50c09c44469782eda1309669e1f5cfd039ad256d95c3924c6db76979b05e3daaa1b818#rd
106,way to go 原来是这个意思~,http://mp.weixin.qq.com/s?__biz=MzI4OTAyODUxNA==&mid=2653556125&idx=2&sn=0cfc313e55357b1e8435a71b67d6cc93&chksm=f7ebcd50c09c4446a6734c0e97cd7f3e33e5a6daaabc2db14a82c8d6a44f27f00754473afe67#rd
107,每日听写|10.26,http://mp.weixin.qq.com/s?__biz=MzI4OTAyODUxNA==&mid=2653556125&idx=3&sn=a738674ea67d4e2305ff6c3d953ba208&chksm=f7ebcd50c09c44462a31b4f24a786c18c477078f5bdeb4c563432d1fa4f0e56e5c19788442b3#rd
108,我们一起神翻译|10.26,http://mp.weixin.qq.com/s?__biz=MzI4OTAyODUxNA==&mid=2653556125&idx=4&sn=291f28b854de93c18b1b6e5b6b3d007a&chksm=f7ebcd50c09c44461ad23148131579f46049c305480171e95544f796a800a5ace690c0271377#rd
109,每日一句|10.26,http://mp.weixin.qq.com/s?__biz=MzI4OTAyODUxNA==&mid=2653556125&idx=5&sn=dfb2db8be5f8031979e7a05b19df83c1&chksm=f7ebcd50c09c4446bc462b5fdba95c055c79820825581f1ce7a0d716861f51012f24c9e46e7f#rd
110,10.25早读 | 勇于接受挑战，克服心中恐惧，追寻渴望的宝藏，等待属于你的冒险故事的开始,http://mp.weixin.qq.com/s?__biz=MzI4OTAyODUxNA==&mid=2653556080&idx=1&sn=2898d4c10cb28c30255089f1b88ce37f&chksm=f7ebcdbdc09c44abe94f5a602c5da5a7eb43abfe0033d53fa94250944009c047d78b504c1555#rd
111,【老外说】生命在于运动,http://mp.weixin.qq.com/s?__biz=MzI4OTAyODUxNA==&mid=2653556080&idx=2&sn=3f7c4ecdecdc35b16bddd07aa79b8d0a&chksm=f7ebcdbdc09c44abf9c13d52e01194f537fe46281ef4aa4807359f5d459c89e3e395271827d1#rd
112,每日听写|10.25,http://mp.weixin.qq.com/s?__biz=MzI4OTAyODUxNA==&mid=2653556080&idx=3&sn=b35150a82be7b13ff940cefbae4006d8&chksm=f7ebcdbdc09c44abb93fbbd866eb47cda521386e75785c3021c7a881224ff739f5ae46b5888f#rd
113,我们一起神翻译|10.25,http://mp.weixin.qq.com/s?__biz=MzI4OTAyODUxNA==&mid=2653556080&idx=4&sn=fc64d846f1f3272c631bfb7eaf00d653&chksm=f7ebcdbdc09c44abff37dde906fd3801900b93ba3509998341a0fc12e8ea7d9845d9df233d91#rd
114,每日一句|10.25,http://mp.weixin.qq.com/s?__biz=MzI4OTAyODUxNA==&mid=2653556080&idx=5&sn=533bbf8555ebd09e6bf53281e79b98d4&chksm=f7ebcdbdc09c44ab8daca32be3d91cec23d72984662df1f3f72d20491f9f03138a2056e47bdd#rd
115,为你读诗-The Road Not Taken,http://mp.weixin.qq.com/s?__biz=MzI4OTAyODUxNA==&mid=2653556017&idx=1&sn=f68607ed9875f9bc9a969d0222fb1dfd&chksm=f7ebcdfcc09c44eaf96b97933d88b40066e65acab416a880a59247e83e9a3039682954e311d4#rd
116,10.24早读 | 困境总有时，但也正是因为这样，你才会时时记得幸福时刻的美好,http://mp.weixin.qq.com/s?__biz=MzI4OTAyODUxNA==&mid=2653556017&idx=2&sn=c30f939e920a19f2d5d5d1f62e41dbaa&chksm=f7ebcdfcc09c44ead48a9fa85a555a2988aee9c4907200f836469ae9daee86515a7875f8a7c8#rd
117,每日听写飞鸟集|The Lake House07,http://mp.weixin.qq.com/s?__biz=MzI4OTAyODUxNA==&mid=2653556017&idx=3&sn=b4b2c45b65f5613a8171ced6f23631f6&chksm=f7ebcdfcc09c44ea3abbd6b8bcbf8c020fb15e11383a64f7690d77d9dcdb2fbc2db74744bc04#rd
118,听歌学英文 | I Waiting For Love-Avicii/Martin Garrix,http://mp.weixin.qq.com/s?__biz=MzI4OTAyODUxNA==&mid=2653556004&idx=1&sn=9d88b25f42b1059511f8db6c0b630239&chksm=f7ebcde9c09c44ffd66364147be84a35532a837e8da37875535d5f0a1309aba0a86f259eee5e#rd
119,10.23早读 | 我们需要更多的女性掌舵，更多的有色人种掌舵，更多的残疾人掌舵,http://mp.weixin.qq.com/s?__biz=MzI4OTAyODUxNA==&mid=2653556004&idx=2&sn=9ccf6e362cce48208697aa0a08b5f62b&chksm=f7ebcde9c09c44ff177c7c06ba93c1584353477efee48fcbf68d05fdf67f33f6b6bd50929332#rd
120,每日听写10.18-10.22初级汇总,http://mp.weixin.qq.com/s?__biz=MzI4OTAyODUxNA==&mid=2653556004&idx=3&sn=bd117f66b14c06248fa98f2ff2a3f9ad&chksm=f7ebcde9c09c44ffdd2dc1832e7dc1e3866f81afd91623ad874bfa8581c98b56c2d3fbcd0626#rd
121,10.22早读 | 当我们做选择时，命运很少眷顾我们,http://mp.weixin.qq.com/s?__biz=MzI4OTAyODUxNA==&mid=2653555983&idx=1&sn=b5359d8f745af698971a476238cabafc&chksm=f7ebcdc2c09c44d4fd24935fdd1a262bf9fabf5d57947e762846a6a6f12aa1275dfac74338fb#rd
122,“渡过难关”用英语怎么说？,http://mp.weixin.qq.com/s?__biz=MzI4OTAyODUxNA==&mid=2653555983&idx=2&sn=d030d303b541668ba6a4a1217245ff02&chksm=f7ebcdc2c09c44d447d1050e6d6330dfff81b0448e75b1bd2b06cab1032189788af06e354c60#rd
123,每日听写|10.22,http://mp.weixin.qq.com/s?__biz=MzI4OTAyODUxNA==&mid=2653555983&idx=3&sn=042701883f9cef91c533f99605665a49&chksm=f7ebcdc2c09c44d4e1f845dcf6559ac84ddd5b0671f3ad625fe8aa7cd5ff42a4f029900aa0bd#rd
124,我们一起神翻译|10.22,http://mp.weixin.qq.com/s?__biz=MzI4OTAyODUxNA==&mid=2653555983&idx=4&sn=5d7f0d1513d83fd1ccb45ff430e1a319&chksm=f7ebcdc2c09c44d43c2f54d919a2a114c49c59c36533781e2a25a1d7c20a1935161fbebf3c9e#rd
125,每日一句|10.22,http://mp.weixin.qq.com/s?__biz=MzI4OTAyODUxNA==&mid=2653555983&idx=5&sn=9ed4aacabaa838fd937ed4fa20b1f3c6&chksm=f7ebcdc2c09c44d44737d527cf98c298dc6fd16b25f08bcd11ac00af0af9ddc9fc1b6b4aa177#rd
126,10.26早读 | Brian McKnight—Back At One,http://mp.weixin.qq.com/s?__biz=MzI4OTAyODUxNA==&mid=2653556125&idx=1&sn=e53d239417d26d21c7d3521c83bbf697&chksm=f7ebcd50c09c44469782eda1309669e1f5cfd039ad256d95c3924c6db76979b05e3daaa1b818#rd
127,way to go 原来是这个意思~,http://mp.weixin.qq.com/s?__biz=MzI4OTAyODUxNA==&mid=2653556125&idx=2&sn=0cfc313e55357b1e8435a71b67d6cc93&chksm=f7ebcd50c09c4446a6734c0e97cd7f3e33e5a6daaabc2db14a82c8d6a44f27f00754473afe67#rd
128,每日听写|10.26,http://mp.weixin.qq.com/s?__biz=MzI4OTAyODUxNA==&mid=2653556125&idx=3&sn=a738674ea67d4e2305ff6c3d953ba208&chksm=f7ebcd50c09c44462a31b4f24a786c18c477078f5bdeb4c563432d1fa4f0e56e5c19788442b3#rd
129,我们一起神翻译|10.26,http://mp.weixin.qq.com/s?__biz=MzI4OTAyODUxNA==&mid=2653556125&idx=4&sn=291f28b854de93c18b1b6e5b6b3d007a&chksm=f7ebcd50c09c44461ad23148131579f46049c305480171e95544f796a800a5ace690c0271377#rd
130,每日一句|10.26,http://mp.weixin.qq.com/s?__biz=MzI4OTAyODUxNA==&mid=2653556125&idx=5&sn=dfb2db8be5f8031979e7a05b19df83c1&chksm=f7ebcd50c09c4446bc462b5fdba95c055c79820825581f1ce7a0d716861f51012f24c9e46e7f#rd
131,10.25早读 | 勇于接受挑战，克服心中恐惧，追寻渴望的宝藏，等待属于你的冒险故事的开始,http://mp.weixin.qq.com/s?__biz=MzI4OTAyODUxNA==&mid=2653556080&idx=1&sn=2898d4c10cb28c30255089f1b88ce37f&chksm=f7ebcdbdc09c44abe94f5a602c5da5a7eb43abfe0033d53fa94250944009c047d78b504c1555#rd
132,【老外说】生命在于运动,http://mp.weixin.qq.com/s?__biz=MzI4OTAyODUxNA==&mid=2653556080&idx=2&sn=3f7c4ecdecdc35b16bddd07aa79b8d0a&chksm=f7ebcdbdc09c44abf9c13d52e01194f537fe46281ef4aa4807359f5d459c89e3e395271827d1#rd
133,每日听写|10.25,http://mp.weixin.qq.com/s?__biz=MzI4OTAyODUxNA==&mid=2653556080&idx=3&sn=b35150a82be7b13ff940cefbae4006d8&chksm=f7ebcdbdc09c44abb93fbbd866eb47cda521386e75785c3021c7a881224ff739f5ae46b5888f#rd
134,我们一起神翻译|10.25,http://mp.weixin.qq.com/s?__biz=MzI4OTAyODUxNA==&mid=2653556080&idx=4&sn=fc64d846f1f3272c631bfb7eaf00d653&chksm=f7ebcdbdc09c44abff37dde906fd3801900b93ba3509998341a0fc12e8ea7d9845d9df233d91#rd
135,每日一句|10.25,http://mp.weixin.qq.com/s?__biz=MzI4OTAyODUxNA==&mid=2653556080&idx=5&sn=533bbf8555ebd09e6bf53281e79b98d4&chksm=f7ebcdbdc09c44ab8daca32be3d91cec23d72984662df1f3f72d20491f9f03138a2056e47bdd#rd
136,为你读诗-The Road Not Taken,http://mp.weixin.qq.com/s?__biz=MzI4OTAyODUxNA==&mid=2653556017&idx=1&sn=f68607ed9875f9bc9a969d0222fb1dfd&chksm=f7ebcdfcc09c44eaf96b97933d88b40066e65acab416a880a59247e83e9a3039682954e311d4#rd
137,10.24早读 | 困境总有时，但也正是因为这样，你才会时时记得幸福时刻的美好,http://mp.weixin.qq.com/s?__biz=MzI4OTAyODUxNA==&mid=2653556017&idx=2&sn=c30f939e920a19f2d5d5d1f62e41dbaa&chksm=f7ebcdfcc09c44ead48a9fa85a555a2988aee9c4907200f836469ae9daee86515a7875f8a7c8#rd
138,每日听写飞鸟集|The Lake House07,http://mp.weixin.qq.com/s?__biz=MzI4OTAyODUxNA==&mid=2653556017&idx=3&sn=b4b2c45b65f5613a8171ced6f23631f6&chksm=f7ebcdfcc09c44ea3abbd6b8bcbf8c020fb15e11383a64f7690d77d9dcdb2fbc2db74744bc04#rd
139,听歌学英文 | I Waiting For Love-Avicii/Martin Garrix,http://mp.weixin.qq.com/s?__biz=MzI4OTAyODUxNA==&mid=2653556004&idx=1&sn=9d88b25f42b1059511f8db6c0b630239&chksm=f7ebcde9c09c44ffd66364147be84a35532a837e8da37875535d5f0a1309aba0a86f259eee5e#rd
140,10.23早读 | 我们需要更多的女性掌舵，更多的有色人种掌舵，更多的残疾人掌舵,http://mp.weixin.qq.com/s?__biz=MzI4OTAyODUxNA==&mid=2653556004&idx=2&sn=9ccf6e362cce48208697aa0a08b5f62b&chksm=f7ebcde9c09c44ff177c7c06ba93c1584353477efee48fcbf68d05fdf67f33f6b6bd50929332#rd
141,每日听写10.18-10.22初级汇总,http://mp.weixin.qq.com/s?__biz=MzI4OTAyODUxNA==&mid=2653556004&idx=3&sn=bd117f66b14c06248fa98f2ff2a3f9ad&chksm=f7ebcde9c09c44ffdd2dc1832e7dc1e3866f81afd91623ad874bfa8581c98b56c2d3fbcd0626#rd
142,10.22早读 | 当我们做选择时，命运很少眷顾我们,http://mp.weixin.qq.com/s?__biz=MzI4OTAyODUxNA==&mid=2653555983&idx=1&sn=b5359d8f745af698971a476238cabafc&chksm=f7ebcdc2c09c44d4fd24935fdd1a262bf9fabf5d57947e762846a6a6f12aa1275dfac74338fb#rd
143,“渡过难关”用英语怎么说？,http://mp.weixin.qq.com/s?__biz=MzI4OTAyODUxNA==&mid=2653555983&idx=2&sn=d030d303b541668ba6a4a1217245ff02&chksm=f7ebcdc2c09c44d447d1050e6d6330dfff81b0448e75b1bd2b06cab1032189788af06e354c60#rd
144,每日听写|10.22,http://mp.weixin.qq.com/s?__biz=MzI4OTAyODUxNA==&mid=2653555983&idx=3&sn=042701883f9cef91c533f99605665a49&chksm=f7ebcdc2c09c44d4e1f845dcf6559ac84ddd5b0671f3ad625fe8aa7cd5ff42a4f029900aa0bd#rd
145,我们一起神翻译|10.22,http://mp.weixin.qq.com/s?__biz=MzI4OTAyODUxNA==&mid=2653555983&idx=4&sn=5d7f0d1513d83fd1ccb45ff430e1a319&chksm=f7ebcdc2c09c44d43c2f54d919a2a114c49c59c36533781e2a25a1d7c20a1935161fbebf3c9e#rd
146,每日一句|10.22,http://mp.weixin.qq.com/s?__biz=MzI4OTAyODUxNA==&mid=2653555983&idx=5&sn=9ed4aacabaa838fd937ed4fa20b1f3c6&chksm=f7ebcdc2c09c44d44737d527cf98c298dc6fd16b25f08bcd11ac00af0af9ddc9fc1b6b4aa177#rd
147,10.26早读 | Brian McKnight—Back At One,http://mp.weixin.qq.com/s?__biz=MzI4OTAyODUxNA==&mid=2653556125&idx=1&sn=e53d239417d26d21c7d3521c83bbf697&chksm=f7ebcd50c09c44469782eda1309669e1f5cfd039ad256d95c3924c6db76979b05e3daaa1b818#rd
148,way to go 原来是这个意思~,http://mp.weixin.qq.com/s?__biz=MzI4OTAyODUxNA==&mid=2653556125&idx=2&sn=0cfc313e55357b1e8435a71b67d6cc93&chksm=f7ebcd50c09c4446a6734c0e97cd7f3e33e5a6daaabc2db14a82c8d6a44f27f00754473afe67#rd
149,每日听写|10.26,http://mp.weixin.qq.com/s?__biz=MzI4OTAyODUxNA==&mid=2653556125&idx=3&sn=a738674ea67d4e2305ff6c3d953ba208&chksm=f7ebcd50c09c44462a31b4f24a786c18c477078f5bdeb4c563432d1fa4f0e56e5c19788442b3#rd
150,我们一起神翻译|10.26,http://mp.weixin.qq.com/s?__biz=MzI4OTAyODUxNA==&mid=2653556125&idx=4&sn=291f28b854de93c18b1b6e5b6b3d007a&chksm=f7ebcd50c09c44461ad23148131579f46049c305480171e95544f796a800a5ace690c0271377#rd
151,每日一句|10.26,http://mp.weixin.qq.com/s?__biz=MzI4OTAyODUxNA==&mid=2653556125&idx=5&sn=dfb2db8be5f8031979e7a05b19df83c1&chksm=f7ebcd50c09c4446bc462b5fdba95c055c79820825581f1ce7a0d716861f51012f24c9e46e7f#rd
152,10.25早读 | 勇于接受挑战，克服心中恐惧，追寻渴望的宝藏，等待属于你的冒险故事的开始,http://mp.weixin.qq.com/s?__biz=MzI4OTAyODUxNA==&mid=2653556080&idx=1&sn=2898d4c10cb28c30255089f1b88ce37f&chksm=f7ebcdbdc09c44abe94f5a602c5da5a7eb43abfe0033d53fa94250944009c047d78b504c1555#rd
153,【老外说】生命在于运动,http://mp.weixin.qq.com/s?__biz=MzI4OTAyODUxNA==&mid=2653556080&idx=2&sn=3f7c4ecdecdc35b16bddd07aa79b8d0a&chksm=f7ebcdbdc09c44abf9c13d52e01194f537fe46281ef4aa4807359f5d459c89e3e395271827d1#rd
154,每日听写|10.25,http://mp.weixin.qq.com/s?__biz=MzI4OTAyODUxNA==&mid=2653556080&idx=3&sn=b35150a82be7b13ff940cefbae4006d8&chksm=f7ebcdbdc09c44abb93fbbd866eb47cda521386e75785c3021c7a881224ff739f5ae46b5888f#rd
155,我们一起神翻译|10.25,http://mp.weixin.qq.com/s?__biz=MzI4OTAyODUxNA==&mid=2653556080&idx=4&sn=fc64d846f1f3272c631bfb7eaf00d653&chksm=f7ebcdbdc09c44abff37dde906fd3801900b93ba3509998341a0fc12e8ea7d9845d9df233d91#rd
156,每日一句|10.25,http://mp.weixin.qq.com/s?__biz=MzI4OTAyODUxNA==&mid=2653556080&idx=5&sn=533bbf8555ebd09e6bf53281e79b98d4&chksm=f7ebcdbdc09c44ab8daca32be3d91cec23d72984662df1f3f72d20491f9f03138a2056e47bdd#rd
157,为你读诗-The Road Not Taken,http://mp.weixin.qq.com/s?__biz=MzI4OTAyODUxNA==&mid=2653556017&idx=1&sn=f68607ed9875f9bc9a969d0222fb1dfd&chksm=f7ebcdfcc09c44eaf96b97933d88b40066e65acab416a880a59247e83e9a3039682954e311d4#rd
158,10.24早读 | 困境总有时，但也正是因为这样，你才会时时记得幸福时刻的美好,http://mp.weixin.qq.com/s?__biz=MzI4OTAyODUxNA==&mid=2653556017&idx=2&sn=c30f939e920a19f2d5d5d1f62e41dbaa&chksm=f7ebcdfcc09c44ead48a9fa85a555a2988aee9c4907200f836469ae9daee86515a7875f8a7c8#rd
159,每日听写飞鸟集|The Lake House07,http://mp.weixin.qq.com/s?__biz=MzI4OTAyODUxNA==&mid=2653556017&idx=3&sn=b4b2c45b65f5613a8171ced6f23631f6&chksm=f7ebcdfcc09c44ea3abbd6b8bcbf8c020fb15e11383a64f7690d77d9dcdb2fbc2db74744bc04#rd
160,听歌学英文 | I Waiting For Love-Avicii/Martin Garrix,http://mp.weixin.qq.com/s?__biz=MzI4OTAyODUxNA==&mid=2653556004&idx=1&sn=9d88b25f42b1059511f8db6c0b630239&chksm=f7ebcde9c09c44ffd66364147be84a35532a837e8da37875535d5f0a1309aba0a86f259eee5e#rd
161,10.23早读 | 我们需要更多的女性掌舵，更多的有色人种掌舵，更多的残疾人掌舵,http://mp.weixin.qq.com/s?__biz=MzI4OTAyODUxNA==&mid=2653556004&idx=2&sn=9ccf6e362cce48208697aa0a08b5f62b&chksm=f7ebcde9c09c44ff177c7c06ba93c1584353477efee48fcbf68d05fdf67f33f6b6bd50929332#rd
162,每日听写10.18-10.22初级汇总,http://mp.weixin.qq.com/s?__biz=MzI4OTAyODUxNA==&mid=2653556004&idx=3&sn=bd117f66b14c06248fa98f2ff2a3f9ad&chksm=f7ebcde9c09c44ffdd2dc1832e7dc1e3866f81afd91623ad874bfa8581c98b56c2d3fbcd0626#rd
163,10.22早读 | 当我们做选择时，命运很少眷顾我们,http://mp.weixin.qq.com/s?__biz=MzI4OTAyODUxNA==&mid=2653555983&idx=1&sn=b5359d8f745af698971a476238cabafc&chksm=f7ebcdc2c09c44d4fd24935fdd1a262bf9fabf5d57947e762846a6a6f12aa1275dfac74338fb#rd
164,“渡过难关”用英语怎么说？,http://mp.weixin.qq.com/s?__biz=MzI4OTAyODUxNA==&mid=2653555983&idx=2&sn=d030d303b541668ba6a4a1217245ff02&chksm=f7ebcdc2c09c44d447d1050e6d6330dfff81b0448e75b1bd2b06cab1032189788af06e354c60#rd
165,每日听写|10.22,http://mp.weixin.qq.com/s?__biz=MzI4OTAyODUxNA==&mid=2653555983&idx=3&sn=042701883f9cef91c533f99605665a49&chksm=f7ebcdc2c09c44d4e1f845dcf6559ac84ddd5b0671f3ad625fe8aa7cd5ff42a4f029900aa0bd#rd
166,我们一起神翻译|10.22,http://mp.weixin.qq.com/s?__biz=MzI4OTAyODUxNA==&mid=2653555983&idx=4&sn=5d7f0d1513d83fd1ccb45ff430e1a319&chksm=f7ebcdc2c09c44d43c2f54d919a2a114c49c59c36533781e2a25a1d7c20a1935161fbebf3c9e#rd
167,每日一句|10.22,http://mp.weixin.qq.com/s?__biz=MzI4OTAyODUxNA==&mid=2653555983&idx=5&sn=9ed4aacabaa838fd937ed4fa20b1f3c6&chksm=f7ebcdc2c09c44d44737d527cf98c298dc6fd16b25f08bcd11ac00af0af9ddc9fc1b6b4aa177#rd
168,10.26早读 | Brian McKnight—Back At One,http://mp.weixin.qq.com/s?__biz=MzI4OTAyODUxNA==&mid=2653556125&idx=1&sn=e53d239417d26d21c7d3521c83bbf697&chksm=f7ebcd50c09c44469782eda1309669e1f5cfd039ad256d95c3924c6db76979b05e3daaa1b818#rd
169,way to go 原来是这个意思~,http://mp.weixin.qq.com/s?__biz=MzI4OTAyODUxNA==&mid=2653556125&idx=2&sn=0cfc313e55357b1e8435a71b67d6cc93&chksm=f7ebcd50c09c4446a6734c0e97cd7f3e33e5a6daaabc2db14a82c8d6a44f27f00754473afe67#rd
170,每日听写|10.26,http://mp.weixin.qq.com/s?__biz=MzI4OTAyODUxNA==&mid=2653556125&idx=3&sn=a738674ea67d4e2305ff6c3d953ba208&chksm=f7ebcd50c09c44462a31b4f24a786c18c477078f5bdeb4c563432d1fa4f0e56e5c19788442b3#rd
171,我们一起神翻译|10.26,http://mp.weixin.qq.com/s?__biz=MzI4OTAyODUxNA==&mid=2653556125&idx=4&sn=291f28b854de93c18b1b6e5b6b3d007a&chksm=f7ebcd50c09c44461ad23148131579f46049c305480171e95544f796a800a5ace690c0271377#rd
172,每日一句|10.26,http://mp.weixin.qq.com/s?__biz=MzI4OTAyODUxNA==&mid=2653556125&idx=5&sn=dfb2db8be5f8031979e7a05b19df83c1&chksm=f7ebcd50c09c4446bc462b5fdba95c055c79820825581f1ce7a0d716861f51012f24c9e46e7f#rd
173,10.25早读 | 勇于接受挑战，克服心中恐惧，追寻渴望的宝藏，等待属于你的冒险故事的开始,http://mp.weixin.qq.com/s?__biz=MzI4OTAyODUxNA==&mid=2653556080&idx=1&sn=2898d4c10cb28c30255089f1b88ce37f&chksm=f7ebcdbdc09c44abe94f5a602c5da5a7eb43abfe0033d53fa94250944009c047d78b504c1555#rd
174,【老外说】生命在于运动,http://mp.weixin.qq.com/s?__biz=MzI4OTAyODUxNA==&mid=2653556080&idx=2&sn=3f7c4ecdecdc35b16bddd07aa79b8d0a&chksm=f7ebcdbdc09c44abf9c13d52e01194f537fe46281ef4aa4807359f5d459c89e3e395271827d1#rd
175,每日听写|10.25,http://mp.weixin.qq.com/s?__biz=MzI4OTAyODUxNA==&mid=2653556080&idx=3&sn=b35150a82be7b13ff940cefbae4006d8&chksm=f7ebcdbdc09c44abb93fbbd866eb47cda521386e75785c3021c7a881224ff739f5ae46b5888f#rd
176,我们一起神翻译|10.25,http://mp.weixin.qq.com/s?__biz=MzI4OTAyODUxNA==&mid=2653556080&idx=4&sn=fc64d846f1f3272c631bfb7eaf00d653&chksm=f7ebcdbdc09c44abff37dde906fd3801900b93ba3509998341a0fc12e8ea7d9845d9df233d91#rd
177,每日一句|10.25,http://mp.weixin.qq.com/s?__biz=MzI4OTAyODUxNA==&mid=2653556080&idx=5&sn=533bbf8555ebd09e6bf53281e79b98d4&chksm=f7ebcdbdc09c44ab8daca32be3d91cec23d72984662df1f3f72d20491f9f03138a2056e47bdd#rd
178,为你读诗-The Road Not Taken,http://mp.weixin.qq.com/s?__biz=MzI4OTAyODUxNA==&mid=2653556017&idx=1&sn=f68607ed9875f9bc9a969d0222fb1dfd&chksm=f7ebcdfcc09c44eaf96b97933d88b40066e65acab416a880a59247e83e9a3039682954e311d4#rd
179,10.24早读 | 困境总有时，但也正是因为这样，你才会时时记得幸福时刻的美好,http://mp.weixin.qq.com/s?__biz=MzI4OTAyODUxNA==&mid=2653556017&idx=2&sn=c30f939e920a19f2d5d5d1f62e41dbaa&chksm=f7ebcdfcc09c44ead48a9fa85a555a2988aee9c4907200f836469ae9daee86515a7875f8a7c8#rd
180,每日听写飞鸟集|The Lake House07,http://mp.weixin.qq.com/s?__biz=MzI4OTAyODUxNA==&mid=2653556017&idx=3&sn=b4b2c45b65f5613a8171ced6f23631f6&chksm=f7ebcdfcc09c44ea3abbd6b8bcbf8c020fb15e11383a64f7690d77d9dcdb2fbc2db74744bc04#rd
181,听歌学英文 | I Waiting For Love-Avicii/Martin Garrix,http://mp.weixin.qq.com/s?__biz=MzI4OTAyODUxNA==&mid=2653556004&idx=1&sn=9d88b25f42b1059511f8db6c0b630239&chksm=f7ebcde9c09c44ffd66364147be84a35532a837e8da37875535d5f0a1309aba0a86f259eee5e#rd
182,10.23早读 | 我们需要更多的女性掌舵，更多的有色人种掌舵，更多的残疾人掌舵,http://mp.weixin.qq.com/s?__biz=MzI4OTAyODUxNA==&mid=2653556004&idx=2&sn=9ccf6e362cce48208697aa0a08b5f62b&chksm=f7ebcde9c09c44ff177c7c06ba93c1584353477efee48fcbf68d05fdf67f33f6b6bd50929332#rd
183,每日听写10.18-10.22初级汇总,http://mp.weixin.qq.com/s?__biz=MzI4OTAyODUxNA==&mid=2653556004&idx=3&sn=bd117f66b14c06248fa98f2ff2a3f9ad&chksm=f7ebcde9c09c44ffdd2dc1832e7dc1e3866f81afd91623ad874bfa8581c98b56c2d3fbcd0626#rd
184,10.22早读 | 当我们做选择时，命运很少眷顾我们,http://mp.weixin.qq.com/s?__biz=MzI4OTAyODUxNA==&mid=2653555983&idx=1&sn=b5359d8f745af698971a476238cabafc&chksm=f7ebcdc2c09c44d4fd24935fdd1a262bf9fabf5d57947e762846a6a6f12aa1275dfac74338fb#rd
185,“渡过难关”用英语怎么说？,http://mp.weixin.qq.com/s?__biz=MzI4OTAyODUxNA==&mid=2653555983&idx=2&sn=d030d303b541668ba6a4a1217245ff02&chksm=f7ebcdc2c09c44d447d1050e6d6330dfff81b0448e75b1bd2b06cab1032189788af06e354c60#rd
186,每日听写|10.22,http://mp.weixin.qq.com/s?__biz=MzI4OTAyODUxNA==&mid=2653555983&idx=3&sn=042701883f9cef91c533f99605665a49&chksm=f7ebcdc2c09c44d4e1f845dcf6559ac84ddd5b0671f3ad625fe8aa7cd5ff42a4f029900aa0bd#rd
187,我们一起神翻译|10.22,http://mp.weixin.qq.com/s?__biz=MzI4OTAyODUxNA==&mid=2653555983&idx=4&sn=5d7f0d1513d83fd1ccb45ff430e1a319&chksm=f7ebcdc2c09c44d43c2f54d919a2a114c49c59c36533781e2a25a1d7c20a1935161fbebf3c9e#rd
188,每日一句|10.22,http://mp.weixin.qq.com/s?__biz=MzI4OTAyODUxNA==&mid=2653555983&idx=5&sn=9ed4aacabaa838fd937ed4fa20b1f3c6&chksm=f7ebcdc2c09c44d44737d527cf98c298dc6fd16b25f08bcd11ac00af0af9ddc9fc1b6b4aa177#rd
189,10.26早读 | Brian McKnight—Back At One,http://mp.weixin.qq.com/s?__biz=MzI4OTAyODUxNA==&mid=2653556125&idx=1&sn=e53d239417d26d21c7d3521c83bbf697&chksm=f7ebcd50c09c44469782eda1309669e1f5cfd039ad256d95c3924c6db76979b05e3daaa1b818#rd
190,way to go 原来是这个意思~,http://mp.weixin.qq.com/s?__biz=MzI4OTAyODUxNA==&mid=2653556125&idx=2&sn=0cfc313e55357b1e8435a71b67d6cc93&chksm=f7ebcd50c09c4446a6734c0e97cd7f3e33e5a6daaabc2db14a82c8d6a44f27f00754473afe67#rd
191,每日听写|10.26,http://mp.weixin.qq.com/s?__biz=MzI4OTAyODUxNA==&mid=2653556125&idx=3&sn=a738674ea67d4e2305ff6c3d953ba208&chksm=f7ebcd50c09c44462a31b4f24a786c18c477078f5bdeb4c563432d1fa4f0e56e5c19788442b3#rd
192,我们一起神翻译|10.26,http://mp.weixin.qq.com/s?__biz=MzI4OTAyODUxNA==&mid=2653556125&idx=4&sn=291f28b854de93c18b1b6e5b6b3d007a&chksm=f7ebcd50c09c44461ad23148131579f46049c305480171e95544f796a800a5ace690c0271377#rd
193,每日一句|10.26,http://mp.weixin.qq.com/s?__biz=MzI4OTAyODUxNA==&mid=2653556125&idx=5&sn=dfb2db8be5f8031979e7a05b19df83c1&chksm=f7ebcd50c09c4446bc462b5fdba95c055c79820825581f1ce7a0d716861f51012f24c9e46e7f#rd
194,10.25早读 | 勇于接受挑战，克服心中恐惧，追寻渴望的宝藏，等待属于你的冒险故事的开始,http://mp.weixin.qq.com/s?__biz=MzI4OTAyODUxNA==&mid=2653556080&idx=1&sn=2898d4c10cb28c30255089f1b88ce37f&chksm=f7ebcdbdc09c44abe94f5a602c5da5a7eb43abfe0033d53fa94250944009c047d78b504c1555#rd
195,【老外说】生命在于运动,http://mp.weixin.qq.com/s?__biz=MzI4OTAyODUxNA==&mid=2653556080&idx=2&sn=3f7c4ecdecdc35b16bddd07aa79b8d0a&chksm=f7ebcdbdc09c44abf9c13d52e01194f537fe46281ef4aa4807359f5d459c89e3e395271827d1#rd
196,每日听写|10.25,http://mp.weixin.qq.com/s?__biz=MzI4OTAyODUxNA==&mid=2653556080&idx=3&sn=b35150a82be7b13ff940cefbae4006d8&chksm=f7ebcdbdc09c44abb93fbbd866eb47cda521386e75785c3021c7a881224ff739f5ae46b5888f#rd
197,我们一起神翻译|10.25,http://mp.weixin.qq.com/s?__biz=MzI4OTAyODUxNA==&mid=2653556080&idx=4&sn=fc64d846f1f3272c631bfb7eaf00d653&chksm=f7ebcdbdc09c44abff37dde906fd3801900b93ba3509998341a0fc12e8ea7d9845d9df233d91#rd
198,每日一句|10.25,http://mp.weixin.qq.com/s?__biz=MzI4OTAyODUxNA==&mid=2653556080&idx=5&sn=533bbf8555ebd09e6bf53281e79b98d4&chksm=f7ebcdbdc09c44ab8daca32be3d91cec23d72984662df1f3f72d20491f9f03138a2056e47bdd#rd
199,为你读诗-The Road Not Taken,http://mp.weixin.qq.com/s?__biz=MzI4OTAyODUxNA==&mid=2653556017&idx=1&sn=f68607ed9875f9bc9a969d0222fb1dfd&chksm=f7ebcdfcc09c44eaf96b97933d88b40066e65acab416a880a59247e83e9a3039682954e311d4#rd
200,10.24早读 | 困境总有时，但也正是因为这样，你才会时时记得幸福时刻的美好,http://mp.weixin.qq.com/s?__biz=MzI4OTAyODUxNA==&mid=2653556017&idx=2&sn=c30f939e920a19f2d5d5d1f62e41dbaa&chksm=f7ebcdfcc09c44ead48a9fa85a555a2988aee9c4907200f836469ae9daee86515a7875f8a7c8#rd
201,每日听写飞鸟集|The Lake House07,http://mp.weixin.qq.com/s?__biz=MzI4OTAyODUxNA==&mid=2653556017&idx=3&sn=b4b2c45b65f5613a8171ced6f23631f6&chksm=f7ebcdfcc09c44ea3abbd6b8bcbf8c020fb15e11383a64f7690d77d9dcdb2fbc2db74744bc04#rd
202,听歌学英文 | I Waiting For Love-Avicii/Martin Garrix,http://mp.weixin.qq.com/s?__biz=MzI4OTAyODUxNA==&mid=2653556004&idx=1&sn=9d88b25f42b1059511f8db6c0b630239&chksm=f7ebcde9c09c44ffd66364147be84a35532a837e8da37875535d5f0a1309aba0a86f259eee5e#rd
203,10.23早读 | 我们需要更多的女性掌舵，更多的有色人种掌舵，更多的残疾人掌舵,http://mp.weixin.qq.com/s?__biz=MzI4OTAyODUxNA==&mid=2653556004&idx=2&sn=9ccf6e362cce48208697aa0a08b5f62b&chksm=f7ebcde9c09c44ff177c7c06ba93c1584353477efee48fcbf68d05fdf67f33f6b6bd50929332#rd
204,每日听写10.18-10.22初级汇总,http://mp.weixin.qq.com/s?__biz=MzI4OTAyODUxNA==&mid=2653556004&idx=3&sn=bd117f66b14c06248fa98f2ff2a3f9ad&chksm=f7ebcde9c09c44ffdd2dc1832e7dc1e3866f81afd91623ad874bfa8581c98b56c2d3fbcd0626#rd
205,10.22早读 | 当我们做选择时，命运很少眷顾我们,http://mp.weixin.qq.com/s?__biz=MzI4OTAyODUxNA==&mid=2653555983&idx=1&sn=b5359d8f745af698971a476238cabafc&chksm=f7ebcdc2c09c44d4fd24935fdd1a262bf9fabf5d57947e762846a6a6f12aa1275dfac74338fb#rd
206,“渡过难关”用英语怎么说？,http://mp.weixin.qq.com/s?__biz=MzI4OTAyODUxNA==&mid=2653555983&idx=2&sn=d030d303b541668ba6a4a1217245ff02&chksm=f7ebcdc2c09c44d447d1050e6d6330dfff81b0448e75b1bd2b06cab1032189788af06e354c60#rd
207,每日听写|10.22,http://mp.weixin.qq.com/s?__biz=MzI4OTAyODUxNA==&mid=2653555983&idx=3&sn=042701883f9cef91c533f99605665a49&chksm=f7ebcdc2c09c44d4e1f845dcf6559ac84ddd5b0671f3ad625fe8aa7cd5ff42a4f029900aa0bd#rd
208,我们一起神翻译|10.22,http://mp.weixin.qq.com/s?__biz=MzI4OTAyODUxNA==&mid=2653555983&idx=4&sn=5d7f0d1513d83fd1ccb45ff430e1a319&chksm=f7ebcdc2c09c44d43c2f54d919a2a114c49c59c36533781e2a25a1d7c20a1935161fbebf3c9e#rd
209,每日一句|10.22,http://mp.weixin.qq.com/s?__biz=MzI4OTAyODUxNA==&mid=2653555983&idx=5&sn=9ed4aacabaa838fd937ed4fa20b1f3c6&chksm=f7ebcdc2c09c44d44737d527cf98c298dc6fd16b25f08bcd11ac00af0af9ddc9fc1b6b4aa177#rd
210,10.26早读 | Brian McKnight—Back At One,http://mp.weixin.qq.com/s?__biz=MzI4OTAyODUxNA==&mid=2653556125&idx=1&sn=e53d239417d26d21c7d3521c83bbf697&chksm=f7ebcd50c09c44469782eda1309669e1f5cfd039ad256d95c3924c6db76979b05e3daaa1b818#rd
211,way to go 原来是这个意思~,http://mp.weixin.qq.com/s?__biz=MzI4OTAyODUxNA==&mid=2653556125&idx=2&sn=0cfc313e55357b1e8435a71b67d6cc93&chksm=f7ebcd50c09c4446a6734c0e97cd7f3e33e5a6daaabc2db14a82c8d6a44f27f00754473afe67#rd
212,每日听写|10.26,http://mp.weixin.qq.com/s?__biz=MzI4OTAyODUxNA==&mid=2653556125&idx=3&sn=a738674ea67d4e2305ff6c3d953ba208&chksm=f7ebcd50c09c44462a31b4f24a786c18c477078f5bdeb4c563432d1fa4f0e56e5c19788442b3#rd
213,我们一起神翻译|10.26,http://mp.weixin.qq.com/s?__biz=MzI4OTAyODUxNA==&mid=2653556125&idx=4&sn=291f28b854de93c18b1b6e5b6b3d007a&chksm=f7ebcd50c09c44461ad23148131579f46049c305480171e95544f796a800a5ace690c0271377#rd
214,每日一句|10.26,http://mp.weixin.qq.com/s?__biz=MzI4OTAyODUxNA==&mid=2653556125&idx=5&sn=dfb2db8be5f8031979e7a05b19df83c1&chksm=f7ebcd50c09c4446bc462b5fdba95c055c79820825581f1ce7a0d716861f51012f24c9e46e7f#rd
215,10.25早读 | 勇于接受挑战，克服心中恐惧，追寻渴望的宝藏，等待属于你的冒险故事的开始,http://mp.weixin.qq.com/s?__biz=MzI4OTAyODUxNA==&mid=2653556080&idx=1&sn=2898d4c10cb28c30255089f1b88ce37f&chksm=f7ebcdbdc09c44abe94f5a602c5da5a7eb43abfe0033d53fa94250944009c047d78b504c1555#rd
216,【老外说】生命在于运动,http://mp.weixin.qq.com/s?__biz=MzI4OTAyODUxNA==&mid=2653556080&idx=2&sn=3f7c4ecdecdc35b16bddd07aa79b8d0a&chksm=f7ebcdbdc09c44abf9c13d52e01194f537fe46281ef4aa4807359f5d459c89e3e395271827d1#rd
217,每日听写|10.25,http://mp.weixin.qq.com/s?__biz=MzI4OTAyODUxNA==&mid=2653556080&idx=3&sn=b35150a82be7b13ff940cefbae4006d8&chksm=f7ebcdbdc09c44abb93fbbd866eb47cda521386e75785c3021c7a881224ff739f5ae46b5888f#rd
218,我们一起神翻译|10.25,http://mp.weixin.qq.com/s?__biz=MzI4OTAyODUxNA==&mid=2653556080&idx=4&sn=fc64d846f1f3272c631bfb7eaf00d653&chksm=f7ebcdbdc09c44abff37dde906fd3801900b93ba3509998341a0fc12e8ea7d9845d9df233d91#rd
219,每日一句|10.25,http://mp.weixin.qq.com/s?__biz=MzI4OTAyODUxNA==&mid=2653556080&idx=5&sn=533bbf8555ebd09e6bf53281e79b98d4&chksm=f7ebcdbdc09c44ab8daca32be3d91cec23d72984662df1f3f72d20491f9f03138a2056e47bdd#rd
220,为你读诗-The Road Not Taken,http://mp.weixin.qq.com/s?__biz=MzI4OTAyODUxNA==&mid=2653556017&idx=1&sn=f68607ed9875f9bc9a969d0222fb1dfd&chksm=f7ebcdfcc09c44eaf96b97933d88b40066e65acab416a880a59247e83e9a3039682954e311d4#rd
221,10.24早读 | 困境总有时，但也正是因为这样，你才会时时记得幸福时刻的美好,http://mp.weixin.qq.com/s?__biz=MzI4OTAyODUxNA==&mid=2653556017&idx=2&sn=c30f939e920a19f2d5d5d1f62e41dbaa&chksm=f7ebcdfcc09c44ead48a9fa85a555a2988aee9c4907200f836469ae9daee86515a7875f8a7c8#rd
222,每日听写飞鸟集|The Lake House07,http://mp.weixin.qq.com/s?__biz=MzI4OTAyODUxNA==&mid=2653556017&idx=3&sn=b4b2c45b65f5613a8171ced6f23631f6&chksm=f7ebcdfcc09c44ea3abbd6b8bcbf8c020fb15e11383a64f7690d77d9dcdb2fbc2db74744bc04#rd
223,听歌学英文 | I Waiting For Love-Avicii/Martin Garrix,http://mp.weixin.qq.com/s?__biz=MzI4OTAyODUxNA==&mid=2653556004&idx=1&sn=9d88b25f42b1059511f8db6c0b630239&chksm=f7ebcde9c09c44ffd66364147be84a35532a837e8da37875535d5f0a1309aba0a86f259eee5e#rd
224,10.23早读 | 我们需要更多的女性掌舵，更多的有色人种掌舵，更多的残疾人掌舵,http://mp.weixin.qq.com/s?__biz=MzI4OTAyODUxNA==&mid=2653556004&idx=2&sn=9ccf6e362cce48208697aa0a08b5f62b&chksm=f7ebcde9c09c44ff177c7c06ba93c1584353477efee48fcbf68d05fdf67f33f6b6bd50929332#rd
225,每日听写10.18-10.22初级汇总,http://mp.weixin.qq.com/s?__biz=MzI4OTAyODUxNA==&mid=2653556004&idx=3&sn=bd117f66b14c06248fa98f2ff2a3f9ad&chksm=f7ebcde9c09c44ffdd2dc1832e7dc1e3866f81afd91623ad874bfa8581c98b56c2d3fbcd0626#rd
226,10.22早读 | 当我们做选择时，命运很少眷顾我们,http://mp.weixin.qq.com/s?__biz=MzI4OTAyODUxNA==&mid=2653555983&idx=1&sn=b5359d8f745af698971a476238cabafc&chksm=f7ebcdc2c09c44d4fd24935fdd1a262bf9fabf5d57947e762846a6a6f12aa1275dfac74338fb#rd
227,“渡过难关”用英语怎么说？,http://mp.weixin.qq.com/s?__biz=MzI4OTAyODUxNA==&mid=2653555983&idx=2&sn=d030d303b541668ba6a4a1217245ff02&chksm=f7ebcdc2c09c44d447d1050e6d6330dfff81b0448e75b1bd2b06cab1032189788af06e354c60#rd
228,每日听写|10.22,http://mp.weixin.qq.com/s?__biz=MzI4OTAyODUxNA==&mid=2653555983&idx=3&sn=042701883f9cef91c533f99605665a49&chksm=f7ebcdc2c09c44d4e1f845dcf6559ac84ddd5b0671f3ad625fe8aa7cd5ff42a4f029900aa0bd#rd
229,我们一起神翻译|10.22,http://mp.weixin.qq.com/s?__biz=MzI4OTAyODUxNA==&mid=2653555983&idx=4&sn=5d7f0d1513d83fd1ccb45ff430e1a319&chksm=f7ebcdc2c09c44d43c2f54d919a2a114c49c59c36533781e2a25a1d7c20a1935161fbebf3c9e#rd
230,每日一句|10.22,http://mp.weixin.qq.com/s?__biz=MzI4OTAyODUxNA==&mid=2653555983&idx=5&sn=9ed4aacabaa838fd937ed4fa20b1f3c6&chksm=f7ebcdc2c09c44d44737d527cf98c298dc6fd16b25f08bcd11ac00af0af9ddc9fc1b6b4aa177#rd
231,10.26早读 | Brian McKnight—Back At One,http://mp.weixin.qq.com/s?__biz=MzI4OTAyODUxNA==&mid=2653556125&idx=1&sn=e53d239417d26d21c7d3521c83bbf697&chksm=f7ebcd50c09c44469782eda1309669e1f5cfd039ad256d95c3924c6db76979b05e3daaa1b818#rd
232,way to go 原来是这个意思~,http://mp.weixin.qq.com/s?__biz=MzI4OTAyODUxNA==&mid=2653556125&idx=2&sn=0cfc313e55357b1e8435a71b67d6cc93&chksm=f7ebcd50c09c4446a6734c0e97cd7f3e33e5a6daaabc2db14a82c8d6a44f27f00754473afe67#rd
233,每日听写|10.26,http://mp.weixin.qq.com/s?__biz=MzI4OTAyODUxNA==&mid=2653556125&idx=3&sn=a738674ea67d4e2305ff6c3d953ba208&chksm=f7ebcd50c09c44462a31b4f24a786c18c477078f5bdeb4c563432d1fa4f0e56e5c19788442b3#rd
234,我们一起神翻译|10.26,http://mp.weixin.qq.com/s?__biz=MzI4OTAyODUxNA==&mid=2653556125&idx=4&sn=291f28b854de93c18b1b6e5b6b3d007a&chksm=f7ebcd50c09c44461ad23148131579f46049c305480171e95544f796a800a5ace690c0271377#rd
235,每日一句|10.26,http://mp.weixin.qq.com/s?__biz=MzI4OTAyODUxNA==&mid=2653556125&idx=5&sn=dfb2db8be5f8031979e7a05b19df83c1&chksm=f7ebcd50c09c4446bc462b5fdba95c055c79820825581f1ce7a0d716861f51012f24c9e46e7f#rd
236,10.25早读 | 勇于接受挑战，克服心中恐惧，追寻渴望的宝藏，等待属于你的冒险故事的开始,http://mp.weixin.qq.com/s?__biz=MzI4OTAyODUxNA==&mid=2653556080&idx=1&sn=2898d4c10cb28c30255089f1b88ce37f&chksm=f7ebcdbdc09c44abe94f5a602c5da5a7eb43abfe0033d53fa94250944009c047d78b504c1555#rd
237,【老外说】生命在于运动,http://mp.weixin.qq.com/s?__biz=MzI4OTAyODUxNA==&mid=2653556080&idx=2&sn=3f7c4ecdecdc35b16bddd07aa79b8d0a&chksm=f7ebcdbdc09c44abf9c13d52e01194f537fe46281ef4aa4807359f5d459c89e3e395271827d1#rd
238,每日听写|10.25,http://mp.weixin.qq.com/s?__biz=MzI4OTAyODUxNA==&mid=2653556080&idx=3&sn=b35150a82be7b13ff940cefbae4006d8&chksm=f7ebcdbdc09c44abb93fbbd866eb47cda521386e75785c3021c7a881224ff739f5ae46b5888f#rd
239,我们一起神翻译|10.25,http://mp.weixin.qq.com/s?__biz=MzI4OTAyODUxNA==&mid=2653556080&idx=4&sn=fc64d846f1f3272c631bfb7eaf00d653&chksm=f7ebcdbdc09c44abff37dde906fd3801900b93ba3509998341a0fc12e8ea7d9845d9df233d91#rd
240,每日一句|10.25,http://mp.weixin.qq.com/s?__biz=MzI4OTAyODUxNA==&mid=2653556080&idx=5&sn=533bbf8555ebd09e6bf53281e79b98d4&chksm=f7ebcdbdc09c44ab8daca32be3d91cec23d72984662df1f3f72d20491f9f03138a2056e47bdd#rd
241,为你读诗-The Road Not Taken,http://mp.weixin.qq.com/s?__biz=MzI4OTAyODUxNA==&mid=2653556017&idx=1&sn=f68607ed9875f9bc9a969d0222fb1dfd&chksm=f7ebcdfcc09c44eaf96b97933d88b40066e65acab416a880a59247e83e9a3039682954e311d4#rd
242,10.24早读 | 困境总有时，但也正是因为这样，你才会时时记得幸福时刻的美好,http://mp.weixin.qq.com/s?__biz=MzI4OTAyODUxNA==&mid=2653556017&idx=2&sn=c30f939e920a19f2d5d5d1f62e41dbaa&chksm=f7ebcdfcc09c44ead48a9fa85a555a2988aee9c4907200f836469ae9daee86515a7875f8a7c8#rd
243,每日听写飞鸟集|The Lake House07,http://mp.weixin.qq.com/s?__biz=MzI4OTAyODUxNA==&mid=2653556017&idx=3&sn=b4b2c45b65f5613a8171ced6f23631f6&chksm=f7ebcdfcc09c44ea3abbd6b8bcbf8c020fb15e11383a64f7690d77d9dcdb2fbc2db74744bc04#rd
244,听歌学英文 | I Waiting For Love-Avicii/Martin Garrix,http://mp.weixin.qq.com/s?__biz=MzI4OTAyODUxNA==&mid=2653556004&idx=1&sn=9d88b25f42b1059511f8db6c0b630239&chksm=f7ebcde9c09c44ffd66364147be84a35532a837e8da37875535d5f0a1309aba0a86f259eee5e#rd
245,10.23早读 | 我们需要更多的女性掌舵，更多的有色人种掌舵，更多的残疾人掌舵,http://mp.weixin.qq.com/s?__biz=MzI4OTAyODUxNA==&mid=2653556004&idx=2&sn=9ccf6e362cce48208697aa0a08b5f62b&chksm=f7ebcde9c09c44ff177c7c06ba93c1584353477efee48fcbf68d05fdf67f33f6b6bd50929332#rd
246,每日听写10.18-10.22初级汇总,http://mp.weixin.qq.com/s?__biz=MzI4OTAyODUxNA==&mid=2653556004&idx=3&sn=bd117f66b14c06248fa98f2ff2a3f9ad&chksm=f7ebcde9c09c44ffdd2dc1832e7dc1e3866f81afd91623ad874bfa8581c98b56c2d3fbcd0626#rd
247,10.22早读 | 当我们做选择时，命运很少眷顾我们,http://mp.weixin.qq.com/s?__biz=MzI4OTAyODUxNA==&mid=2653555983&idx=1&sn=b5359d8f745af698971a476238cabafc&chksm=f7ebcdc2c09c44d4fd24935fdd1a262bf9fabf5d57947e762846a6a6f12aa1275dfac74338fb#rd
248,“渡过难关”用英语怎么说？,http://mp.weixin.qq.com/s?__biz=MzI4OTAyODUxNA==&mid=2653555983&idx=2&sn=d030d303b541668ba6a4a1217245ff02&chksm=f7ebcdc2c09c44d447d1050e6d6330dfff81b0448e75b1bd2b06cab1032189788af06e354c60#rd
249,每日听写|10.22,http://mp.weixin.qq.com/s?__biz=MzI4OTAyODUxNA==&mid=2653555983&idx=3&sn=042701883f9cef91c533f99605665a49&chksm=f7ebcdc2c09c44d4e1f845dcf6559ac84ddd5b0671f3ad625fe8aa7cd5ff42a4f029900aa0bd#rd
250,我们一起神翻译|10.22,http://mp.weixin.qq.com/s?__biz=MzI4OTAyODUxNA==&mid=2653555983&idx=4&sn=5d7f0d1513d83fd1ccb45ff430e1a319&chksm=f7ebcdc2c09c44d43c2f54d919a2a114c49c59c36533781e2a25a1d7c20a1935161fbebf3c9e#rd
251,每日一句|10.22,http://mp.weixin.qq.com/s?__biz=MzI4OTAyODUxNA==&mid=2653555983&idx=5&sn=9ed4aacabaa838fd937ed4fa20b1f3c6&chksm=f7ebcdc2c09c44d44737d527cf98c298dc6fd16b25f08bcd11ac00af0af9ddc9fc1b6b4aa177#rd
252,10.26早读 | Brian McKnight—Back At One,http://mp.weixin.qq.com/s?__biz=MzI4OTAyODUxNA==&mid=2653556125&idx=1&sn=e53d239417d26d21c7d3521c83bbf697&chksm=f7ebcd50c09c44469782eda1309669e1f5cfd039ad256d95c3924c6db76979b05e3daaa1b818#rd
253,way to go 原来是这个意思~,http://mp.weixin.qq.com/s?__biz=MzI4OTAyODUxNA==&mid=2653556125&idx=2&sn=0cfc313e55357b1e8435a71b67d6cc93&chksm=f7ebcd50c09c4446a6734c0e97cd7f3e33e5a6daaabc2db14a82c8d6a44f27f00754473afe67#rd
254,每日听写|10.26,http://mp.weixin.qq.com/s?__biz=MzI4OTAyODUxNA==&mid=2653556125&idx=3&sn=a738674ea67d4e2305ff6c3d953ba208&chksm=f7ebcd50c09c44462a31b4f24a786c18c477078f5bdeb4c563432d1fa4f0e56e5c19788442b3#rd
255,我们一起神翻译|10.26,http://mp.weixin.qq.com/s?__biz=MzI4OTAyODUxNA==&mid=2653556125&idx=4&sn=291f28b854de93c18b1b6e5b6b3d007a&chksm=f7ebcd50c09c44461ad23148131579f46049c305480171e95544f796a800a5ace690c0271377#rd
256,每日一句|10.26,http://mp.weixin.qq.com/s?__biz=MzI4OTAyODUxNA==&mid=2653556125&idx=5&sn=dfb2db8be5f8031979e7a05b19df83c1&chksm=f7ebcd50c09c4446bc462b5fdba95c055c79820825581f1ce7a0d716861f51012f24c9e46e7f#rd
257,10.25早读 | 勇于接受挑战，克服心中恐惧，追寻渴望的宝藏，等待属于你的冒险故事的开始,http://mp.weixin.qq.com/s?__biz=MzI4OTAyODUxNA==&mid=2653556080&idx=1&sn=2898d4c10cb28c30255089f1b88ce37f&chksm=f7ebcdbdc09c44abe94f5a602c5da5a7eb43abfe0033d53fa94250944009c047d78b504c1555#rd
258,【老外说】生命在于运动,http://mp.weixin.qq.com/s?__biz=MzI4OTAyODUxNA==&mid=2653556080&idx=2&sn=3f7c4ecdecdc35b16bddd07aa79b8d0a&chksm=f7ebcdbdc09c44abf9c13d52e01194f537fe46281ef4aa4807359f5d459c89e3e395271827d1#rd
259,每日听写|10.25,http://mp.weixin.qq.com/s?__biz=MzI4OTAyODUxNA==&mid=2653556080&idx=3&sn=b35150a82be7b13ff940cefbae4006d8&chksm=f7ebcdbdc09c44abb93fbbd866eb47cda521386e75785c3021c7a881224ff739f5ae46b5888f#rd
260,我们一起神翻译|10.25,http://mp.weixin.qq.com/s?__biz=MzI4OTAyODUxNA==&mid=2653556080&idx=4&sn=fc64d846f1f3272c631bfb7eaf00d653&chksm=f7ebcdbdc09c44abff37dde906fd3801900b93ba3509998341a0fc12e8ea7d9845d9df233d91#rd
261,每日一句|10.25,http://mp.weixin.qq.com/s?__biz=MzI4OTAyODUxNA==&mid=2653556080&idx=5&sn=533bbf8555ebd09e6bf53281e79b98d4&chksm=f7ebcdbdc09c44ab8daca32be3d91cec23d72984662df1f3f72d20491f9f03138a2056e47bdd#rd
262,为你读诗-The Road Not Taken,http://mp.weixin.qq.com/s?__biz=MzI4OTAyODUxNA==&mid=2653556017&idx=1&sn=f68607ed9875f9bc9a969d0222fb1dfd&chksm=f7ebcdfcc09c44eaf96b97933d88b40066e65acab416a880a59247e83e9a3039682954e311d4#rd
263,10.24早读 | 困境总有时，但也正是因为这样，你才会时时记得幸福时刻的美好,http://mp.weixin.qq.com/s?__biz=MzI4OTAyODUxNA==&mid=2653556017&idx=2&sn=c30f939e920a19f2d5d5d1f62e41dbaa&chksm=f7ebcdfcc09c44ead48a9fa85a555a2988aee9c4907200f836469ae9daee86515a7875f8a7c8#rd
264,每日听写飞鸟集|The Lake House07,http://mp.weixin.qq.com/s?__biz=MzI4OTAyODUxNA==&mid=2653556017&idx=3&sn=b4b2c45b65f5613a8171ced6f23631f6&chksm=f7ebcdfcc09c44ea3abbd6b8bcbf8c020fb15e11383a64f7690d77d9dcdb2fbc2db74744bc04#rd
265,听歌学英文 | I Waiting For Love-Avicii/Martin Garrix,http://mp.weixin.qq.com/s?__biz=MzI4OTAyODUxNA==&mid=2653556004&idx=1&sn=9d88b25f42b1059511f8db6c0b630239&chksm=f7ebcde9c09c44ffd66364147be84a35532a837e8da37875535d5f0a1309aba0a86f259eee5e#rd
266,10.23早读 | 我们需要更多的女性掌舵，更多的有色人种掌舵，更多的残疾人掌舵,http://mp.weixin.qq.com/s?__biz=MzI4OTAyODUxNA==&mid=2653556004&idx=2&sn=9ccf6e362cce48208697aa0a08b5f62b&chksm=f7ebcde9c09c44ff177c7c06ba93c1584353477efee48fcbf68d05fdf67f33f6b6bd50929332#rd
267,每日听写10.18-10.22初级汇总,http://mp.weixin.qq.com/s?__biz=MzI4OTAyODUxNA==&mid=2653556004&idx=3&sn=bd117f66b14c06248fa98f2ff2a3f9ad&chksm=f7ebcde9c09c44ffdd2dc1832e7dc1e3866f81afd91623ad874bfa8581c98b56c2d3fbcd0626#rd
268,10.22早读 | 当我们做选择时，命运很少眷顾我们,http://mp.weixin.qq.com/s?__biz=MzI4OTAyODUxNA==&mid=2653555983&idx=1&sn=b5359d8f745af698971a476238cabafc&chksm=f7ebcdc2c09c44d4fd24935fdd1a262bf9fabf5d57947e762846a6a6f12aa1275dfac74338fb#rd
269,“渡过难关”用英语怎么说？,http://mp.weixin.qq.com/s?__biz=MzI4OTAyODUxNA==&mid=2653555983&idx=2&sn=d030d303b541668ba6a4a1217245ff02&chksm=f7ebcdc2c09c44d447d1050e6d6330dfff81b0448e75b1bd2b06cab1032189788af06e354c60#rd
270,每日听写|10.22,http://mp.weixin.qq.com/s?__biz=MzI4OTAyODUxNA==&mid=2653555983&idx=3&sn=042701883f9cef91c533f99605665a49&chksm=f7ebcdc2c09c44d4e1f845dcf6559ac84ddd5b0671f3ad625fe8aa7cd5ff42a4f029900aa0bd#rd
271,我们一起神翻译|10.22,http://mp.weixin.qq.com/s?__biz=MzI4OTAyODUxNA==&mid=2653555983&idx=4&sn=5d7f0d1513d83fd1ccb45ff430e1a319&chksm=f7ebcdc2c09c44d43c2f54d919a2a114c49c59c36533781e2a25a1d7c20a1935161fbebf3c9e#rd
272,每日一句|10.22,http://mp.weixin.qq.com/s?__biz=MzI4OTAyODUxNA==&mid=2653555983&idx=5&sn=9ed4aacabaa838fd937ed4fa20b1f3c6&chksm=f7ebcdc2c09c44d44737d527cf98c298dc6fd16b25f08bcd11ac00af0af9ddc9fc1b6b4aa177#rd
273,10.26早读 | Brian McKnight—Back At One,http://mp.weixin.qq.com/s?__biz=MzI4OTAyODUxNA==&mid=2653556125&idx=1&sn=e53d239417d26d21c7d3521c83bbf697&chksm=f7ebcd50c09c44469782eda1309669e1f5cfd039ad256d95c3924c6db76979b05e3daaa1b818#rd
274,way to go 原来是这个意思~,http://mp.weixin.qq.com/s?__biz=MzI4OTAyODUxNA==&mid=2653556125&idx=2&sn=0cfc313e55357b1e8435a71b67d6cc93&chksm=f7ebcd50c09c4446a6734c0e97cd7f3e33e5a6daaabc2db14a82c8d6a44f27f00754473afe67#rd
275,每日听写|10.26,http://mp.weixin.qq.com/s?__biz=MzI4OTAyODUxNA==&mid=2653556125&idx=3&sn=a738674ea67d4e2305ff6c3d953ba208&chksm=f7ebcd50c09c44462a31b4f24a786c18c477078f5bdeb4c563432d1fa4f0e56e5c19788442b3#rd
276,我们一起神翻译|10.26,http://mp.weixin.qq.com/s?__biz=MzI4OTAyODUxNA==&mid=2653556125&idx=4&sn=291f28b854de93c18b1b6e5b6b3d007a&chksm=f7ebcd50c09c44461ad23148131579f46049c305480171e95544f796a800a5ace690c0271377#rd
277,每日一句|10.26,http://mp.weixin.qq.com/s?__biz=MzI4OTAyODUxNA==&mid=2653556125&idx=5&sn=dfb2db8be5f8031979e7a05b19df83c1&chksm=f7ebcd50c09c4446bc462b5fdba95c055c79820825581f1ce7a0d716861f51012f24c9e46e7f#rd
278,10.25早读 | 勇于接受挑战，克服心中恐惧，追寻渴望的宝藏，等待属于你的冒险故事的开始,http://mp.weixin.qq.com/s?__biz=MzI4OTAyODUxNA==&mid=2653556080&idx=1&sn=2898d4c10cb28c30255089f1b88ce37f&chksm=f7ebcdbdc09c44abe94f5a602c5da5a7eb43abfe0033d53fa94250944009c047d78b504c1555#rd
279,【老外说】生命在于运动,http://mp.weixin.qq.com/s?__biz=MzI4OTAyODUxNA==&mid=2653556080&idx=2&sn=3f7c4ecdecdc35b16bddd07aa79b8d0a&chksm=f7ebcdbdc09c44abf9c13d52e01194f537fe46281ef4aa4807359f5d459c89e3e395271827d1#rd
280,每日听写|10.25,http://mp.weixin.qq.com/s?__biz=MzI4OTAyODUxNA==&mid=2653556080&idx=3&sn=b35150a82be7b13ff940cefbae4006d8&chksm=f7ebcdbdc09c44abb93fbbd866eb47cda521386e75785c3021c7a881224ff739f5ae46b5888f#rd
281,我们一起神翻译|10.25,http://mp.weixin.qq.com/s?__biz=MzI4OTAyODUxNA==&mid=2653556080&idx=4&sn=fc64d846f1f3272c631bfb7eaf00d653&chksm=f7ebcdbdc09c44abff37dde906fd3801900b93ba3509998341a0fc12e8ea7d9845d9df233d91#rd
282,每日一句|10.25,http://mp.weixin.qq.com/s?__biz=MzI4OTAyODUxNA==&mid=2653556080&idx=5&sn=533bbf8555ebd09e6bf53281e79b98d4&chksm=f7ebcdbdc09c44ab8daca32be3d91cec23d72984662df1f3f72d20491f9f03138a2056e47bdd#rd
283,为你读诗-The Road Not Taken,http://mp.weixin.qq.com/s?__biz=MzI4OTAyODUxNA==&mid=2653556017&idx=1&sn=f68607ed9875f9bc9a969d0222fb1dfd&chksm=f7ebcdfcc09c44eaf96b97933d88b40066e65acab416a880a59247e83e9a3039682954e311d4#rd
284,10.24早读 | 困境总有时，但也正是因为这样，你才会时时记得幸福时刻的美好,http://mp.weixin.qq.com/s?__biz=MzI4OTAyODUxNA==&mid=2653556017&idx=2&sn=c30f939e920a19f2d5d5d1f62e41dbaa&chksm=f7ebcdfcc09c44ead48a9fa85a555a2988aee9c4907200f836469ae9daee86515a7875f8a7c8#rd
285,每日听写飞鸟集|The Lake House07,http://mp.weixin.qq.com/s?__biz=MzI4OTAyODUxNA==&mid=2653556017&idx=3&sn=b4b2c45b65f5613a8171ced6f23631f6&chksm=f7ebcdfcc09c44ea3abbd6b8bcbf8c020fb15e11383a64f7690d77d9dcdb2fbc2db74744bc04#rd
286,听歌学英文 | I Waiting For Love-Avicii/Martin Garrix,http://mp.weixin.qq.com/s?__biz=MzI4OTAyODUxNA==&mid=2653556004&idx=1&sn=9d88b25f42b1059511f8db6c0b630239&chksm=f7ebcde9c09c44ffd66364147be84a35532a837e8da37875535d5f0a1309aba0a86f259eee5e#rd
287,10.23早读 | 我们需要更多的女性掌舵，更多的有色人种掌舵，更多的残疾人掌舵,http://mp.weixin.qq.com/s?__biz=MzI4OTAyODUxNA==&mid=2653556004&idx=2&sn=9ccf6e362cce48208697aa0a08b5f62b&chksm=f7ebcde9c09c44ff177c7c06ba93c1584353477efee48fcbf68d05fdf67f33f6b6bd50929332#rd
288,每日听写10.18-10.22初级汇总,http://mp.weixin.qq.com/s?__biz=MzI4OTAyODUxNA==&mid=2653556004&idx=3&sn=bd117f66b14c06248fa98f2ff2a3f9ad&chksm=f7ebcde9c09c44ffdd2dc1832e7dc1e3866f81afd91623ad874bfa8581c98b56c2d3fbcd0626#rd
289,10.22早读 | 当我们做选择时，命运很少眷顾我们,http://mp.weixin.qq.com/s?__biz=MzI4OTAyODUxNA==&mid=2653555983&idx=1&sn=b5359d8f745af698971a476238cabafc&chksm=f7ebcdc2c09c44d4fd24935fdd1a262bf9fabf5d57947e762846a6a6f12aa1275dfac74338fb#rd
290,“渡过难关”用英语怎么说？,http://mp.weixin.qq.com/s?__biz=MzI4OTAyODUxNA==&mid=2653555983&idx=2&sn=d030d303b541668ba6a4a1217245ff02&chksm=f7ebcdc2c09c44d447d1050e6d6330dfff81b0448e75b1bd2b06cab1032189788af06e354c60#rd
291,每日听写|10.22,http://mp.weixin.qq.com/s?__biz=MzI4OTAyODUxNA==&mid=2653555983&idx=3&sn=042701883f9cef91c533f99605665a49&chksm=f7ebcdc2c09c44d4e1f845dcf6559ac84ddd5b0671f3ad625fe8aa7cd5ff42a4f029900aa0bd#rd
292,我们一起神翻译|10.22,http://mp.weixin.qq.com/s?__biz=MzI4OTAyODUxNA==&mid=2653555983&idx=4&sn=5d7f0d1513d83fd1ccb45ff430e1a319&chksm=f7ebcdc2c09c44d43c2f54d919a2a114c49c59c36533781e2a25a1d7c20a1935161fbebf3c9e#rd
293,每日一句|10.22,http://mp.weixin.qq.com/s?__biz=MzI4OTAyODUxNA==&mid=2653555983&idx=5&sn=9ed4aacabaa838fd937ed4fa20b1f3c6&chksm=f7ebcdc2c09c44d44737d527cf98c298dc6fd16b25f08bcd11ac00af0af9ddc9fc1b6b4aa177#rd
294,10.26早读 | Brian McKnight—Back At One,http://mp.weixin.qq.com/s?__biz=MzI4OTAyODUxNA==&mid=2653556125&idx=1&sn=e53d239417d26d21c7d3521c83bbf697&chksm=f7ebcd50c09c44469782eda1309669e1f5cfd039ad256d95c3924c6db76979b05e3daaa1b818#rd
295,way to go 原来是这个意思~,http://mp.weixin.qq.com/s?__biz=MzI4OTAyODUxNA==&mid=2653556125&idx=2&sn=0cfc313e55357b1e8435a71b67d6cc93&chksm=f7ebcd50c09c4446a6734c0e97cd7f3e33e5a6daaabc2db14a82c8d6a44f27f00754473afe67#rd
296,每日听写|10.26,http://mp.weixin.qq.com/s?__biz=MzI4OTAyODUxNA==&mid=2653556125&idx=3&sn=a738674ea67d4e2305ff6c3d953ba208&chksm=f7ebcd50c09c44462a31b4f24a786c18c477078f5bdeb4c563432d1fa4f0e56e5c19788442b3#rd
297,我们一起神翻译|10.26,http://mp.weixin.qq.com/s?__biz=MzI4OTAyODUxNA==&mid=2653556125&idx=4&sn=291f28b854de93c18b1b6e5b6b3d007a&chksm=f7ebcd50c09c44461ad23148131579f46049c305480171e95544f796a800a5ace690c0271377#rd
298,每日一句|10.26,http://mp.weixin.qq.com/s?__biz=MzI4OTAyODUxNA==&mid=2653556125&idx=5&sn=dfb2db8be5f8031979e7a05b19df83c1&chksm=f7ebcd50c09c4446bc462b5fdba95c055c79820825581f1ce7a0d716861f51012f24c9e46e7f#rd
299,10.25早读 | 勇于接受挑战，克服心中恐惧，追寻渴望的宝藏，等待属于你的冒险故事的开始,http://mp.weixin.qq.com/s?__biz=MzI4OTAyODUxNA==&mid=2653556080&idx=1&sn=2898d4c10cb28c30255089f1b88ce37f&chksm=f7ebcdbdc09c44abe94f5a602c5da5a7eb43abfe0033d53fa94250944009c047d78b504c1555#rd
300,【老外说】生命在于运动,http://mp.weixin.qq.com/s?__biz=MzI4OTAyODUxNA==&mid=2653556080&idx=2&sn=3f7c4ecdecdc35b16bddd07aa79b8d0a&chksm=f7ebcdbdc09c44abf9c13d52e01194f537fe46281ef4aa4807359f5d459c89e3e395271827d1#rd
301,每日听写|10.25,http://mp.weixin.qq.com/s?__biz=MzI4OTAyODUxNA==&mid=2653556080&idx=3&sn=b35150a82be7b13ff940cefbae4006d8&chksm=f7ebcdbdc09c44abb93fbbd866eb47cda521386e75785c3021c7a881224ff739f5ae46b5888f#rd
302,我们一起神翻译|10.25,http://mp.weixin.qq.com/s?__biz=MzI4OTAyODUxNA==&mid=2653556080&idx=4&sn=fc64d846f1f3272c631bfb7eaf00d653&chksm=f7ebcdbdc09c44abff37dde906fd3801900b93ba3509998341a0fc12e8ea7d9845d9df233d91#rd
303,每日一句|10.25,http://mp.weixin.qq.com/s?__biz=MzI4OTAyODUxNA==&mid=2653556080&idx=5&sn=533bbf8555ebd09e6bf53281e79b98d4&chksm=f7ebcdbdc09c44ab8daca32be3d91cec23d72984662df1f3f72d20491f9f03138a2056e47bdd#rd
304,为你读诗-The Road Not Taken,http://mp.weixin.qq.com/s?__biz=MzI4OTAyODUxNA==&mid=2653556017&idx=1&sn=f68607ed9875f9bc9a969d0222fb1dfd&chksm=f7ebcdfcc09c44eaf96b97933d88b40066e65acab416a880a59247e83e9a3039682954e311d4#rd
305,10.24早读 | 困境总有时，但也正是因为这样，你才会时时记得幸福时刻的美好,http://mp.weixin.qq.com/s?__biz=MzI4OTAyODUxNA==&mid=2653556017&idx=2&sn=c30f939e920a19f2d5d5d1f62e41dbaa&chksm=f7ebcdfcc09c44ead48a9fa85a555a2988aee9c4907200f836469ae9daee86515a7875f8a7c8#rd
306,每日听写飞鸟集|The Lake House07,http://mp.weixin.qq.com/s?__biz=MzI4OTAyODUxNA==&mid=2653556017&idx=3&sn=b4b2c45b65f5613a8171ced6f23631f6&chksm=f7ebcdfcc09c44ea3abbd6b8bcbf8c020fb15e11383a64f7690d77d9dcdb2fbc2db74744bc04#rd
307,听歌学英文 | I Waiting For Love-Avicii/Martin Garrix,http://mp.weixin.qq.com/s?__biz=MzI4OTAyODUxNA==&mid=2653556004&idx=1&sn=9d88b25f42b1059511f8db6c0b630239&chksm=f7ebcde9c09c44ffd66364147be84a35532a837e8da37875535d5f0a1309aba0a86f259eee5e#rd
308,10.23早读 | 我们需要更多的女性掌舵，更多的有色人种掌舵，更多的残疾人掌舵,http://mp.weixin.qq.com/s?__biz=MzI4OTAyODUxNA==&mid=2653556004&idx=2&sn=9ccf6e362cce48208697aa0a08b5f62b&chksm=f7ebcde9c09c44ff177c7c06ba93c1584353477efee48fcbf68d05fdf67f33f6b6bd50929332#rd
309,每日听写10.18-10.22初级汇总,http://mp.weixin.qq.com/s?__biz=MzI4OTAyODUxNA==&mid=2653556004&idx=3&sn=bd117f66b14c06248fa98f2ff2a3f9ad&chksm=f7ebcde9c09c44ffdd2dc1832e7dc1e3866f81afd91623ad874bfa8581c98b56c2d3fbcd0626#rd
310,10.22早读 | 当我们做选择时，命运很少眷顾我们,http://mp.weixin.qq.com/s?__biz=MzI4OTAyODUxNA==&mid=2653555983&idx=1&sn=b5359d8f745af698971a476238cabafc&chksm=f7ebcdc2c09c44d4fd24935fdd1a262bf9fabf5d57947e762846a6a6f12aa1275dfac74338fb#rd
311,“渡过难关”用英语怎么说？,http://mp.weixin.qq.com/s?__biz=MzI4OTAyODUxNA==&mid=2653555983&idx=2&sn=d030d303b541668ba6a4a1217245ff02&chksm=f7ebcdc2c09c44d447d1050e6d6330dfff81b0448e75b1bd2b06cab1032189788af06e354c60#rd
312,每日听写|10.22,http://mp.weixin.qq.com/s?__biz=MzI4OTAyODUxNA==&mid=2653555983&idx=3&sn=042701883f9cef91c533f99605665a49&chksm=f7ebcdc2c09c44d4e1f845dcf6559ac84ddd5b0671f3ad625fe8aa7cd5ff42a4f029900aa0bd#rd
313,我们一起神翻译|10.22,http://mp.weixin.qq.com/s?__biz=MzI4OTAyODUxNA==&mid=2653555983&idx=4&sn=5d7f0d1513d83fd1ccb45ff430e1a319&chksm=f7ebcdc2c09c44d43c2f54d919a2a114c49c59c36533781e2a25a1d7c20a1935161fbebf3c9e#rd
314,每日一句|10.22,http://mp.weixin.qq.com/s?__biz=MzI4OTAyODUxNA==&mid=2653555983&idx=5&sn=9ed4aacabaa838fd937ed4fa20b1f3c6&chksm=f7ebcdc2c09c44d44737d527cf98c298dc6fd16b25f08bcd11ac00af0af9ddc9fc1b6b4aa177#rd
315,10.26早读 | Brian McKnight—Back At One,http://mp.weixin.qq.com/s?__biz=MzI4OTAyODUxNA==&mid=2653556125&idx=1&sn=e53d239417d26d21c7d3521c83bbf697&chksm=f7ebcd50c09c44469782eda1309669e1f5cfd039ad256d95c3924c6db76979b05e3daaa1b818#rd
316,way to go 原来是这个意思~,http://mp.weixin.qq.com/s?__biz=MzI4OTAyODUxNA==&mid=2653556125&idx=2&sn=0cfc313e55357b1e8435a71b67d6cc93&chksm=f7ebcd50c09c4446a6734c0e97cd7f3e33e5a6daaabc2db14a82c8d6a44f27f00754473afe67#rd
317,每日听写|10.26,http://mp.weixin.qq.com/s?__biz=MzI4OTAyODUxNA==&mid=2653556125&idx=3&sn=a738674ea67d4e2305ff6c3d953ba208&chksm=f7ebcd50c09c44462a31b4f24a786c18c477078f5bdeb4c563432d1fa4f0e56e5c19788442b3#rd
318,我们一起神翻译|10.26,http://mp.weixin.qq.com/s?__biz=MzI4OTAyODUxNA==&mid=2653556125&idx=4&sn=291f28b854de93c18b1b6e5b6b3d007a&chksm=f7ebcd50c09c44461ad23148131579f46049c305480171e95544f796a800a5ace690c0271377#rd
319,每日一句|10.26,http://mp.weixin.qq.com/s?__biz=MzI4OTAyODUxNA==&mid=2653556125&idx=5&sn=dfb2db8be5f8031979e7a05b19df83c1&chksm=f7ebcd50c09c4446bc462b5fdba95c055c79820825581f1ce7a0d716861f51012f24c9e46e7f#rd
320,10.25早读 | 勇于接受挑战，克服心中恐惧，追寻渴望的宝藏，等待属于你的冒险故事的开始,http://mp.weixin.qq.com/s?__biz=MzI4OTAyODUxNA==&mid=2653556080&idx=1&sn=2898d4c10cb28c30255089f1b88ce37f&chksm=f7ebcdbdc09c44abe94f5a602c5da5a7eb43abfe0033d53fa94250944009c047d78b504c1555#rd
321,【老外说】生命在于运动,http://mp.weixin.qq.com/s?__biz=MzI4OTAyODUxNA==&mid=2653556080&idx=2&sn=3f7c4ecdecdc35b16bddd07aa79b8d0a&chksm=f7ebcdbdc09c44abf9c13d52e01194f537fe46281ef4aa4807359f5d459c89e3e395271827d1#rd
322,每日听写|10.25,http://mp.weixin.qq.com/s?__biz=MzI4OTAyODUxNA==&mid=2653556080&idx=3&sn=b35150a82be7b13ff940cefbae4006d8&chksm=f7ebcdbdc09c44abb93fbbd866eb47cda521386e75785c3021c7a881224ff739f5ae46b5888f#rd
323,我们一起神翻译|10.25,http://mp.weixin.qq.com/s?__biz=MzI4OTAyODUxNA==&mid=2653556080&idx=4&sn=fc64d846f1f3272c631bfb7eaf00d653&chksm=f7ebcdbdc09c44abff37dde906fd3801900b93ba3509998341a0fc12e8ea7d9845d9df233d91#rd
324,每日一句|10.25,http://mp.weixin.qq.com/s?__biz=MzI4OTAyODUxNA==&mid=2653556080&idx=5&sn=533bbf8555ebd09e6bf53281e79b98d4&chksm=f7ebcdbdc09c44ab8daca32be3d91cec23d72984662df1f3f72d20491f9f03138a2056e47bdd#rd
325,为你读诗-The Road Not Taken,http://mp.weixin.qq.com/s?__biz=MzI4OTAyODUxNA==&mid=2653556017&idx=1&sn=f68607ed9875f9bc9a969d0222fb1dfd&chksm=f7ebcdfcc09c44eaf96b97933d88b40066e65acab416a880a59247e83e9a3039682954e311d4#rd
326,10.24早读 | 困境总有时，但也正是因为这样，你才会时时记得幸福时刻的美好,http://mp.weixin.qq.com/s?__biz=MzI4OTAyODUxNA==&mid=2653556017&idx=2&sn=c30f939e920a19f2d5d5d1f62e41dbaa&chksm=f7ebcdfcc09c44ead48a9fa85a555a2988aee9c4907200f836469ae9daee86515a7875f8a7c8#rd
327,每日听写飞鸟集|The Lake House07,http://mp.weixin.qq.com/s?__biz=MzI4OTAyODUxNA==&mid=2653556017&idx=3&sn=b4b2c45b65f5613a8171ced6f23631f6&chksm=f7ebcdfcc09c44ea3abbd6b8bcbf8c020fb15e11383a64f7690d77d9dcdb2fbc2db74744bc04#rd
328,听歌学英文 | I Waiting For Love-Avicii/Martin Garrix,http://mp.weixin.qq.com/s?__biz=MzI4OTAyODUxNA==&mid=2653556004&idx=1&sn=9d88b25f42b1059511f8db6c0b630239&chksm=f7ebcde9c09c44ffd66364147be84a35532a837e8da37875535d5f0a1309aba0a86f259eee5e#rd
329,10.23早读 | 我们需要更多的女性掌舵，更多的有色人种掌舵，更多的残疾人掌舵,http://mp.weixin.qq.com/s?__biz=MzI4OTAyODUxNA==&mid=2653556004&idx=2&sn=9ccf6e362cce48208697aa0a08b5f62b&chksm=f7ebcde9c09c44ff177c7c06ba93c1584353477efee48fcbf68d05fdf67f33f6b6bd50929332#rd
330,每日听写10.18-10.22初级汇总,http://mp.weixin.qq.com/s?__biz=MzI4OTAyODUxNA==&mid=2653556004&idx=3&sn=bd117f66b14c06248fa98f2ff2a3f9ad&chksm=f7ebcde9c09c44ffdd2dc1832e7dc1e3866f81afd91623ad874bfa8581c98b56c2d3fbcd0626#rd
331,10.22早读 | 当我们做选择时，命运很少眷顾我们,http://mp.weixin.qq.com/s?__biz=MzI4OTAyODUxNA==&mid=2653555983&idx=1&sn=b5359d8f745af698971a476238cabafc&chksm=f7ebcdc2c09c44d4fd24935fdd1a262bf9fabf5d57947e762846a6a6f12aa1275dfac74338fb#rd
332,“渡过难关”用英语怎么说？,http://mp.weixin.qq.com/s?__biz=MzI4OTAyODUxNA==&mid=2653555983&idx=2&sn=d030d303b541668ba6a4a1217245ff02&chksm=f7ebcdc2c09c44d447d1050e6d6330dfff81b0448e75b1bd2b06cab1032189788af06e354c60#rd
333,每日听写|10.22,http://mp.weixin.qq.com/s?__biz=MzI4OTAyODUxNA==&mid=2653555983&idx=3&sn=042701883f9cef91c533f99605665a49&chksm=f7ebcdc2c09c44d4e1f845dcf6559ac84ddd5b0671f3ad625fe8aa7cd5ff42a4f029900aa0bd#rd
334,我们一起神翻译|10.22,http://mp.weixin.qq.com/s?__biz=MzI4OTAyODUxNA==&mid=2653555983&idx=4&sn=5d7f0d1513d83fd1ccb45ff430e1a319&chksm=f7ebcdc2c09c44d43c2f54d919a2a114c49c59c36533781e2a25a1d7c20a1935161fbebf3c9e#rd
335,每日一句|10.22,http://mp.weixin.qq.com/s?__biz=MzI4OTAyODUxNA==&mid=2653555983&idx=5&sn=9ed4aacabaa838fd937ed4fa20b1f3c6&chksm=f7ebcdc2c09c44d44737d527cf98c298dc6fd16b25f08bcd11ac00af0af9ddc9fc1b6b4aa177#rd
336,10.26早读 | Brian McKnight—Back At One,http://mp.weixin.qq.com/s?__biz=MzI4OTAyODUxNA==&mid=2653556125&idx=1&sn=e53d239417d26d21c7d3521c83bbf697&chksm=f7ebcd50c09c44469782eda1309669e1f5cfd039ad256d95c3924c6db76979b05e3daaa1b818#rd
337,way to go 原来是这个意思~,http://mp.weixin.qq.com/s?__biz=MzI4OTAyODUxNA==&mid=2653556125&idx=2&sn=0cfc313e55357b1e8435a71b67d6cc93&chksm=f7ebcd50c09c4446a6734c0e97cd7f3e33e5a6daaabc2db14a82c8d6a44f27f00754473afe67#rd
338,每日听写|10.26,http://mp.weixin.qq.com/s?__biz=MzI4OTAyODUxNA==&mid=2653556125&idx=3&sn=a738674ea67d4e2305ff6c3d953ba208&chksm=f7ebcd50c09c44462a31b4f24a786c18c477078f5bdeb4c563432d1fa4f0e56e5c19788442b3#rd
339,我们一起神翻译|10.26,http://mp.weixin.qq.com/s?__biz=MzI4OTAyODUxNA==&mid=2653556125&idx=4&sn=291f28b854de93c18b1b6e5b6b3d007a&chksm=f7ebcd50c09c44461ad23148131579f46049c305480171e95544f796a800a5ace690c0271377#rd
340,每日一句|10.26,http://mp.weixin.qq.com/s?__biz=MzI4OTAyODUxNA==&mid=2653556125&idx=5&sn=dfb2db8be5f8031979e7a05b19df83c1&chksm=f7ebcd50c09c4446bc462b5fdba95c055c79820825581f1ce7a0d716861f51012f24c9e46e7f#rd
341,10.25早读 | 勇于接受挑战，克服心中恐惧，追寻渴望的宝藏，等待属于你的冒险故事的开始,http://mp.weixin.qq.com/s?__biz=MzI4OTAyODUxNA==&mid=2653556080&idx=1&sn=2898d4c10cb28c30255089f1b88ce37f&chksm=f7ebcdbdc09c44abe94f5a602c5da5a7eb43abfe0033d53fa94250944009c047d78b504c1555#rd
342,【老外说】生命在于运动,http://mp.weixin.qq.com/s?__biz=MzI4OTAyODUxNA==&mid=2653556080&idx=2&sn=3f7c4ecdecdc35b16bddd07aa79b8d0a&chksm=f7ebcdbdc09c44abf9c13d52e01194f537fe46281ef4aa4807359f5d459c89e3e395271827d1#rd
343,每日听写|10.25,http://mp.weixin.qq.com/s?__biz=MzI4OTAyODUxNA==&mid=2653556080&idx=3&sn=b35150a82be7b13ff940cefbae4006d8&chksm=f7ebcdbdc09c44abb93fbbd866eb47cda521386e75785c3021c7a881224ff739f5ae46b5888f#rd
344,我们一起神翻译|10.25,http://mp.weixin.qq.com/s?__biz=MzI4OTAyODUxNA==&mid=2653556080&idx=4&sn=fc64d846f1f3272c631bfb7eaf00d653&chksm=f7ebcdbdc09c44abff37dde906fd3801900b93ba3509998341a0fc12e8ea7d9845d9df233d91#rd
345,每日一句|10.25,http://mp.weixin.qq.com/s?__biz=MzI4OTAyODUxNA==&mid=2653556080&idx=5&sn=533bbf8555ebd09e6bf53281e79b98d4&chksm=f7ebcdbdc09c44ab8daca32be3d91cec23d72984662df1f3f72d20491f9f03138a2056e47bdd#rd
346,为你读诗-The Road Not Taken,http://mp.weixin.qq.com/s?__biz=MzI4OTAyODUxNA==&mid=2653556017&idx=1&sn=f68607ed9875f9bc9a969d0222fb1dfd&chksm=f7ebcdfcc09c44eaf96b97933d88b40066e65acab416a880a59247e83e9a3039682954e311d4#rd
347,10.24早读 | 困境总有时，但也正是因为这样，你才会时时记得幸福时刻的美好,http://mp.weixin.qq.com/s?__biz=MzI4OTAyODUxNA==&mid=2653556017&idx=2&sn=c30f939e920a19f2d5d5d1f62e41dbaa&chksm=f7ebcdfcc09c44ead48a9fa85a555a2988aee9c4907200f836469ae9daee86515a7875f8a7c8#rd
348,每日听写飞鸟集|The Lake House07,http://mp.weixin.qq.com/s?__biz=MzI4OTAyODUxNA==&mid=2653556017&idx=3&sn=b4b2c45b65f5613a8171ced6f23631f6&chksm=f7ebcdfcc09c44ea3abbd6b8bcbf8c020fb15e11383a64f7690d77d9dcdb2fbc2db74744bc04#rd
349,听歌学英文 | I Waiting For Love-Avicii/Martin Garrix,http://mp.weixin.qq.com/s?__biz=MzI4OTAyODUxNA==&mid=2653556004&idx=1&sn=9d88b25f42b1059511f8db6c0b630239&chksm=f7ebcde9c09c44ffd66364147be84a35532a837e8da37875535d5f0a1309aba0a86f259eee5e#rd
350,10.23早读 | 我们需要更多的女性掌舵，更多的有色人种掌舵，更多的残疾人掌舵,http://mp.weixin.qq.com/s?__biz=MzI4OTAyODUxNA==&mid=2653556004&idx=2&sn=9ccf6e362cce48208697aa0a08b5f62b&chksm=f7ebcde9c09c44ff177c7c06ba93c1584353477efee48fcbf68d05fdf67f33f6b6bd50929332#rd
351,每日听写10.18-10.22初级汇总,http://mp.weixin.qq.com/s?__biz=MzI4OTAyODUxNA==&mid=2653556004&idx=3&sn=bd117f66b14c06248fa98f2ff2a3f9ad&chksm=f7ebcde9c09c44ffdd2dc1832e7dc1e3866f81afd91623ad874bfa8581c98b56c2d3fbcd0626#rd
352,10.22早读 | 当我们做选择时，命运很少眷顾我们,http://mp.weixin.qq.com/s?__biz=MzI4OTAyODUxNA==&mid=2653555983&idx=1&sn=b5359d8f745af698971a476238cabafc&chksm=f7ebcdc2c09c44d4fd24935fdd1a262bf9fabf5d57947e762846a6a6f12aa1275dfac74338fb#rd
353,“渡过难关”用英语怎么说？,http://mp.weixin.qq.com/s?__biz=MzI4OTAyODUxNA==&mid=2653555983&idx=2&sn=d030d303b541668ba6a4a1217245ff02&chksm=f7ebcdc2c09c44d447d1050e6d6330dfff81b0448e75b1bd2b06cab1032189788af06e354c60#rd
354,每日听写|10.22,http://mp.weixin.qq.com/s?__biz=MzI4OTAyODUxNA==&mid=2653555983&idx=3&sn=042701883f9cef91c533f99605665a49&chksm=f7ebcdc2c09c44d4e1f845dcf6559ac84ddd5b0671f3ad625fe8aa7cd5ff42a4f029900aa0bd#rd
355,我们一起神翻译|10.22,http://mp.weixin.qq.com/s?__biz=MzI4OTAyODUxNA==&mid=2653555983&idx=4&sn=5d7f0d1513d83fd1ccb45ff430e1a319&chksm=f7ebcdc2c09c44d43c2f54d919a2a114c49c59c36533781e2a25a1d7c20a1935161fbebf3c9e#rd
356,每日一句|10.22,http://mp.weixin.qq.com/s?__biz=MzI4OTAyODUxNA==&mid=2653555983&idx=5&sn=9ed4aacabaa838fd937ed4fa20b1f3c6&chksm=f7ebcdc2c09c44d44737d527cf98c298dc6fd16b25f08bcd11ac00af0af9ddc9fc1b6b4aa177#rd
357,10.26早读 | Brian McKnight—Back At One,http://mp.weixin.qq.com/s?__biz=MzI4OTAyODUxNA==&mid=2653556125&idx=1&sn=e53d239417d26d21c7d3521c83bbf697&chksm=f7ebcd50c09c44469782eda1309669e1f5cfd039ad256d95c3924c6db76979b05e3daaa1b818#rd
358,way to go 原来是这个意思~,http://mp.weixin.qq.com/s?__biz=MzI4OTAyODUxNA==&mid=2653556125&idx=2&sn=0cfc313e55357b1e8435a71b67d6cc93&chksm=f7ebcd50c09c4446a6734c0e97cd7f3e33e5a6daaabc2db14a82c8d6a44f27f00754473afe67#rd
359,每日听写|10.26,http://mp.weixin.qq.com/s?__biz=MzI4OTAyODUxNA==&mid=2653556125&idx=3&sn=a738674ea67d4e2305ff6c3d953ba208&chksm=f7ebcd50c09c44462a31b4f24a786c18c477078f5bdeb4c563432d1fa4f0e56e5c19788442b3#rd
360,我们一起神翻译|10.26,http://mp.weixin.qq.com/s?__biz=MzI4OTAyODUxNA==&mid=2653556125&idx=4&sn=291f28b854de93c18b1b6e5b6b3d007a&chksm=f7ebcd50c09c44461ad23148131579f46049c305480171e95544f796a800a5ace690c0271377#rd
361,每日一句|10.26,http://mp.weixin.qq.com/s?__biz=MzI4OTAyODUxNA==&mid=2653556125&idx=5&sn=dfb2db8be5f8031979e7a05b19df83c1&chksm=f7ebcd50c09c4446bc462b5fdba95c055c79820825581f1ce7a0d716861f51012f24c9e46e7f#rd
362,10.25早读 | 勇于接受挑战，克服心中恐惧，追寻渴望的宝藏，等待属于你的冒险故事的开始,http://mp.weixin.qq.com/s?__biz=MzI4OTAyODUxNA==&mid=2653556080&idx=1&sn=2898d4c10cb28c30255089f1b88ce37f&chksm=f7ebcdbdc09c44abe94f5a602c5da5a7eb43abfe0033d53fa94250944009c047d78b504c1555#rd
363,【老外说】生命在于运动,http://mp.weixin.qq.com/s?__biz=MzI4OTAyODUxNA==&mid=2653556080&idx=2&sn=3f7c4ecdecdc35b16bddd07aa79b8d0a&chksm=f7ebcdbdc09c44abf9c13d52e01194f537fe46281ef4aa4807359f5d459c89e3e395271827d1#rd
364,每日听写|10.25,http://mp.weixin.qq.com/s?__biz=MzI4OTAyODUxNA==&mid=2653556080&idx=3&sn=b35150a82be7b13ff940cefbae4006d8&chksm=f7ebcdbdc09c44abb93fbbd866eb47cda521386e75785c3021c7a881224ff739f5ae46b5888f#rd
365,我们一起神翻译|10.25,http://mp.weixin.qq.com/s?__biz=MzI4OTAyODUxNA==&mid=2653556080&idx=4&sn=fc64d846f1f3272c631bfb7eaf00d653&chksm=f7ebcdbdc09c44abff37dde906fd3801900b93ba3509998341a0fc12e8ea7d9845d9df233d91#rd
366,每日一句|10.25,http://mp.weixin.qq.com/s?__biz=MzI4OTAyODUxNA==&mid=2653556080&idx=5&sn=533bbf8555ebd09e6bf53281e79b98d4&chksm=f7ebcdbdc09c44ab8daca32be3d91cec23d72984662df1f3f72d20491f9f03138a2056e47bdd#rd
367,为你读诗-The Road Not Taken,http://mp.weixin.qq.com/s?__biz=MzI4OTAyODUxNA==&mid=2653556017&idx=1&sn=f68607ed9875f9bc9a969d0222fb1dfd&chksm=f7ebcdfcc09c44eaf96b97933d88b40066e65acab416a880a59247e83e9a3039682954e311d4#rd
368,10.24早读 | 困境总有时，但也正是因为这样，你才会时时记得幸福时刻的美好,http://mp.weixin.qq.com/s?__biz=MzI4OTAyODUxNA==&mid=2653556017&idx=2&sn=c30f939e920a19f2d5d5d1f62e41dbaa&chksm=f7ebcdfcc09c44ead48a9fa85a555a2988aee9c4907200f836469ae9daee86515a7875f8a7c8#rd
369,每日听写飞鸟集|The Lake House07,http://mp.weixin.qq.com/s?__biz=MzI4OTAyODUxNA==&mid=2653556017&idx=3&sn=b4b2c45b65f5613a8171ced6f23631f6&chksm=f7ebcdfcc09c44ea3abbd6b8bcbf8c020fb15e11383a64f7690d77d9dcdb2fbc2db74744bc04#rd
370,听歌学英文 | I Waiting For Love-Avicii/Martin Garrix,http://mp.weixin.qq.com/s?__biz=MzI4OTAyODUxNA==&mid=2653556004&idx=1&sn=9d88b25f42b1059511f8db6c0b630239&chksm=f7ebcde9c09c44ffd66364147be84a35532a837e8da37875535d5f0a1309aba0a86f259eee5e#rd
371,10.23早读 | 我们需要更多的女性掌舵，更多的有色人种掌舵，更多的残疾人掌舵,http://mp.weixin.qq.com/s?__biz=MzI4OTAyODUxNA==&mid=2653556004&idx=2&sn=9ccf6e362cce48208697aa0a08b5f62b&chksm=f7ebcde9c09c44ff177c7c06ba93c1584353477efee48fcbf68d05fdf67f33f6b6bd50929332#rd
372,每日听写10.18-10.22初级汇总,http://mp.weixin.qq.com/s?__biz=MzI4OTAyODUxNA==&mid=2653556004&idx=3&sn=bd117f66b14c06248fa98f2ff2a3f9ad&chksm=f7ebcde9c09c44ffdd2dc1832e7dc1e3866f81afd91623ad874bfa8581c98b56c2d3fbcd0626#rd
373,10.22早读 | 当我们做选择时，命运很少眷顾我们,http://mp.weixin.qq.com/s?__biz=MzI4OTAyODUxNA==&mid=2653555983&idx=1&sn=b5359d8f745af698971a476238cabafc&chksm=f7ebcdc2c09c44d4fd24935fdd1a262bf9fabf5d57947e762846a6a6f12aa1275dfac74338fb#rd
374,“渡过难关”用英语怎么说？,http://mp.weixin.qq.com/s?__biz=MzI4OTAyODUxNA==&mid=2653555983&idx=2&sn=d030d303b541668ba6a4a1217245ff02&chksm=f7ebcdc2c09c44d447d1050e6d6330dfff81b0448e75b1bd2b06cab1032189788af06e354c60#rd
375,每日听写|10.22,http://mp.weixin.qq.com/s?__biz=MzI4OTAyODUxNA==&mid=2653555983&idx=3&sn=042701883f9cef91c533f99605665a49&chksm=f7ebcdc2c09c44d4e1f845dcf6559ac84ddd5b0671f3ad625fe8aa7cd5ff42a4f029900aa0bd#rd
376,我们一起神翻译|10.22,http://mp.weixin.qq.com/s?__biz=MzI4OTAyODUxNA==&mid=2653555983&idx=4&sn=5d7f0d1513d83fd1ccb45ff430e1a319&chksm=f7ebcdc2c09c44d43c2f54d919a2a114c49c59c36533781e2a25a1d7c20a1935161fbebf3c9e#rd
377,每日一句|10.22,http://mp.weixin.qq.com/s?__biz=MzI4OTAyODUxNA==&mid=2653555983&idx=5&sn=9ed4aacabaa838fd937ed4fa20b1f3c6&chksm=f7ebcdc2c09c44d44737d527cf98c298dc6fd16b25f08bcd11ac00af0af9ddc9fc1b6b4aa177#rd
378,10.26早读 | Brian McKnight—Back At One,http://mp.weixin.qq.com/s?__biz=MzI4OTAyODUxNA==&mid=2653556125&idx=1&sn=e53d239417d26d21c7d3521c83bbf697&chksm=f7ebcd50c09c44469782eda1309669e1f5cfd039ad256d95c3924c6db76979b05e3daaa1b818#rd
379,way to go 原来是这个意思~,http://mp.weixin.qq.com/s?__biz=MzI4OTAyODUxNA==&mid=2653556125&idx=2&sn=0cfc313e55357b1e8435a71b67d6cc93&chksm=f7ebcd50c09c4446a6734c0e97cd7f3e33e5a6daaabc2db14a82c8d6a44f27f00754473afe67#rd
380,每日听写|10.26,http://mp.weixin.qq.com/s?__biz=MzI4OTAyODUxNA==&mid=2653556125&idx=3&sn=a738674ea67d4e2305ff6c3d953ba208&chksm=f7ebcd50c09c44462a31b4f24a786c18c477078f5bdeb4c563432d1fa4f0e56e5c19788442b3#rd
381,我们一起神翻译|10.26,http://mp.weixin.qq.com/s?__biz=MzI4OTAyODUxNA==&mid=2653556125&idx=4&sn=291f28b854de93c18b1b6e5b6b3d007a&chksm=f7ebcd50c09c44461ad23148131579f46049c305480171e95544f796a800a5ace690c0271377#rd
382,每日一句|10.26,http://mp.weixin.qq.com/s?__biz=MzI4OTAyODUxNA==&mid=2653556125&idx=5&sn=dfb2db8be5f8031979e7a05b19df83c1&chksm=f7ebcd50c09c4446bc462b5fdba95c055c79820825581f1ce7a0d716861f51012f24c9e46e7f#rd
383,10.25早读 | 勇于接受挑战，克服心中恐惧，追寻渴望的宝藏，等待属于你的冒险故事的开始,http://mp.weixin.qq.com/s?__biz=MzI4OTAyODUxNA==&mid=2653556080&idx=1&sn=2898d4c10cb28c30255089f1b88ce37f&chksm=f7ebcdbdc09c44abe94f5a602c5da5a7eb43abfe0033d53fa94250944009c047d78b504c1555#rd
384,【老外说】生命在于运动,http://mp.weixin.qq.com/s?__biz=MzI4OTAyODUxNA==&mid=2653556080&idx=2&sn=3f7c4ecdecdc35b16bddd07aa79b8d0a&chksm=f7ebcdbdc09c44abf9c13d52e01194f537fe46281ef4aa4807359f5d459c89e3e395271827d1#rd
385,每日听写|10.25,http://mp.weixin.qq.com/s?__biz=MzI4OTAyODUxNA==&mid=2653556080&idx=3&sn=b35150a82be7b13ff940cefbae4006d8&chksm=f7ebcdbdc09c44abb93fbbd866eb47cda521386e75785c3021c7a881224ff739f5ae46b5888f#rd
386,我们一起神翻译|10.25,http://mp.weixin.qq.com/s?__biz=MzI4OTAyODUxNA==&mid=2653556080&idx=4&sn=fc64d846f1f3272c631bfb7eaf00d653&chksm=f7ebcdbdc09c44abff37dde906fd3801900b93ba3509998341a0fc12e8ea7d9845d9df233d91#rd
387,每日一句|10.25,http://mp.weixin.qq.com/s?__biz=MzI4OTAyODUxNA==&mid=2653556080&idx=5&sn=533bbf8555ebd09e6bf53281e79b98d4&chksm=f7ebcdbdc09c44ab8daca32be3d91cec23d72984662df1f3f72d20491f9f03138a2056e47bdd#rd
388,为你读诗-The Road Not Taken,http://mp.weixin.qq.com/s?__biz=MzI4OTAyODUxNA==&mid=2653556017&idx=1&sn=f68607ed9875f9bc9a969d0222fb1dfd&chksm=f7ebcdfcc09c44eaf96b97933d88b40066e65acab416a880a59247e83e9a3039682954e311d4#rd
389,10.24早读 | 困境总有时，但也正是因为这样，你才会时时记得幸福时刻的美好,http://mp.weixin.qq.com/s?__biz=MzI4OTAyODUxNA==&mid=2653556017&idx=2&sn=c30f939e920a19f2d5d5d1f62e41dbaa&chksm=f7ebcdfcc09c44ead48a9fa85a555a2988aee9c4907200f836469ae9daee86515a7875f8a7c8#rd
390,每日听写飞鸟集|The Lake House07,http://mp.weixin.qq.com/s?__biz=MzI4OTAyODUxNA==&mid=2653556017&idx=3&sn=b4b2c45b65f5613a8171ced6f23631f6&chksm=f7ebcdfcc09c44ea3abbd6b8bcbf8c020fb15e11383a64f7690d77d9dcdb2fbc2db74744bc04#rd
391,听歌学英文 | I Waiting For Love-Avicii/Martin Garrix,http://mp.weixin.qq.com/s?__biz=MzI4OTAyODUxNA==&mid=2653556004&idx=1&sn=9d88b25f42b1059511f8db6c0b630239&chksm=f7ebcde9c09c44ffd66364147be84a35532a837e8da37875535d5f0a1309aba0a86f259eee5e#rd
392,10.23早读 | 我们需要更多的女性掌舵，更多的有色人种掌舵，更多的残疾人掌舵,http://mp.weixin.qq.com/s?__biz=MzI4OTAyODUxNA==&mid=2653556004&idx=2&sn=9ccf6e362cce48208697aa0a08b5f62b&chksm=f7ebcde9c09c44ff177c7c06ba93c1584353477efee48fcbf68d05fdf67f33f6b6bd50929332#rd
393,每日听写10.18-10.22初级汇总,http://mp.weixin.qq.com/s?__biz=MzI4OTAyODUxNA==&mid=2653556004&idx=3&sn=bd117f66b14c06248fa98f2ff2a3f9ad&chksm=f7ebcde9c09c44ffdd2dc1832e7dc1e3866f81afd91623ad874bfa8581c98b56c2d3fbcd0626#rd
394,10.22早读 | 当我们做选择时，命运很少眷顾我们,http://mp.weixin.qq.com/s?__biz=MzI4OTAyODUxNA==&mid=2653555983&idx=1&sn=b5359d8f745af698971a476238cabafc&chksm=f7ebcdc2c09c44d4fd24935fdd1a262bf9fabf5d57947e762846a6a6f12aa1275dfac74338fb#rd
395,“渡过难关”用英语怎么说？,http://mp.weixin.qq.com/s?__biz=MzI4OTAyODUxNA==&mid=2653555983&idx=2&sn=d030d303b541668ba6a4a1217245ff02&chksm=f7ebcdc2c09c44d447d1050e6d6330dfff81b0448e75b1bd2b06cab1032189788af06e354c60#rd
396,每日听写|10.22,http://mp.weixin.qq.com/s?__biz=MzI4OTAyODUxNA==&mid=2653555983&idx=3&sn=042701883f9cef91c533f99605665a49&chksm=f7ebcdc2c09c44d4e1f845dcf6559ac84ddd5b0671f3ad625fe8aa7cd5ff42a4f029900aa0bd#rd
397,我们一起神翻译|10.22,http://mp.weixin.qq.com/s?__biz=MzI4OTAyODUxNA==&mid=2653555983&idx=4&sn=5d7f0d1513d83fd1ccb45ff430e1a319&chksm=f7ebcdc2c09c44d43c2f54d919a2a114c49c59c36533781e2a25a1d7c20a1935161fbebf3c9e#rd
398,每日一句|10.22,http://mp.weixin.qq.com/s?__biz=MzI4OTAyODUxNA==&mid=2653555983&idx=5&sn=9ed4aacabaa838fd937ed4fa20b1f3c6&chksm=f7ebcdc2c09c44d44737d527cf98c298dc6fd16b25f08bcd11ac00af0af9ddc9fc1b6b4aa177#rd
399,10.26早读 | Brian McKnight—Back At One,http://mp.weixin.qq.com/s?__biz=MzI4OTAyODUxNA==&mid=2653556125&idx=1&sn=e53d239417d26d21c7d3521c83bbf697&chksm=f7ebcd50c09c44469782eda1309669e1f5cfd039ad256d95c3924c6db76979b05e3daaa1b818#rd
400,way to go 原来是这个意思~,http://mp.weixin.qq.com/s?__biz=MzI4OTAyODUxNA==&mid=2653556125&idx=2&sn=0cfc313e55357b1e8435a71b67d6cc93&chksm=f7ebcd50c09c4446a6734c0e97cd7f3e33e5a6daaabc2db14a82c8d6a44f27f00754473afe67#rd
401,每日听写|10.26,http://mp.weixin.qq.com/s?__biz=MzI4OTAyODUxNA==&mid=2653556125&idx=3&sn=a738674ea67d4e2305ff6c3d953ba208&chksm=f7ebcd50c09c44462a31b4f24a786c18c477078f5bdeb4c563432d1fa4f0e56e5c19788442b3#rd
402,我们一起神翻译|10.26,http://mp.weixin.qq.com/s?__biz=MzI4OTAyODUxNA==&mid=2653556125&idx=4&sn=291f28b854de93c18b1b6e5b6b3d007a&chksm=f7ebcd50c09c44461ad23148131579f46049c305480171e95544f796a800a5ace690c0271377#rd
403,每日一句|10.26,http://mp.weixin.qq.com/s?__biz=MzI4OTAyODUxNA==&mid=2653556125&idx=5&sn=dfb2db8be5f8031979e7a05b19df83c1&chksm=f7ebcd50c09c4446bc462b5fdba95c055c79820825581f1ce7a0d716861f51012f24c9e46e7f#rd
404,10.25早读 | 勇于接受挑战，克服心中恐惧，追寻渴望的宝藏，等待属于你的冒险故事的开始,http://mp.weixin.qq.com/s?__biz=MzI4OTAyODUxNA==&mid=2653556080&idx=1&sn=2898d4c10cb28c30255089f1b88ce37f&chksm=f7ebcdbdc09c44abe94f5a602c5da5a7eb43abfe0033d53fa94250944009c047d78b504c1555#rd
405,【老外说】生命在于运动,http://mp.weixin.qq.com/s?__biz=MzI4OTAyODUxNA==&mid=2653556080&idx=2&sn=3f7c4ecdecdc35b16bddd07aa79b8d0a&chksm=f7ebcdbdc09c44abf9c13d52e01194f537fe46281ef4aa4807359f5d459c89e3e395271827d1#rd
406,每日听写|10.25,http://mp.weixin.qq.com/s?__biz=MzI4OTAyODUxNA==&mid=2653556080&idx=3&sn=b35150a82be7b13ff940cefbae4006d8&chksm=f7ebcdbdc09c44abb93fbbd866eb47cda521386e75785c3021c7a881224ff739f5ae46b5888f#rd
407,我们一起神翻译|10.25,http://mp.weixin.qq.com/s?__biz=MzI4OTAyODUxNA==&mid=2653556080&idx=4&sn=fc64d846f1f3272c631bfb7eaf00d653&chksm=f7ebcdbdc09c44abff37dde906fd3801900b93ba3509998341a0fc12e8ea7d9845d9df233d91#rd
408,每日一句|10.25,http://mp.weixin.qq.com/s?__biz=MzI4OTAyODUxNA==&mid=2653556080&idx=5&sn=533bbf8555ebd09e6bf53281e79b98d4&chksm=f7ebcdbdc09c44ab8daca32be3d91cec23d72984662df1f3f72d20491f9f03138a2056e47bdd#rd
409,为你读诗-The Road Not Taken,http://mp.weixin.qq.com/s?__biz=MzI4OTAyODUxNA==&mid=2653556017&idx=1&sn=f68607ed9875f9bc9a969d0222fb1dfd&chksm=f7ebcdfcc09c44eaf96b97933d88b40066e65acab416a880a59247e83e9a3039682954e311d4#rd
410,10.24早读 | 困境总有时，但也正是因为这样，你才会时时记得幸福时刻的美好,http://mp.weixin.qq.com/s?__biz=MzI4OTAyODUxNA==&mid=2653556017&idx=2&sn=c30f939e920a19f2d5d5d1f62e41dbaa&chksm=f7ebcdfcc09c44ead48a9fa85a555a2988aee9c4907200f836469ae9daee86515a7875f8a7c8#rd
411,每日听写飞鸟集|The Lake House07,http://mp.weixin.qq.com/s?__biz=MzI4OTAyODUxNA==&mid=2653556017&idx=3&sn=b4b2c45b65f5613a8171ced6f23631f6&chksm=f7ebcdfcc09c44ea3abbd6b8bcbf8c020fb15e11383a64f7690d77d9dcdb2fbc2db74744bc04#rd
412,听歌学英文 | I Waiting For Love-Avicii/Martin Garrix,http://mp.weixin.qq.com/s?__biz=MzI4OTAyODUxNA==&mid=2653556004&idx=1&sn=9d88b25f42b1059511f8db6c0b630239&chksm=f7ebcde9c09c44ffd66364147be84a35532a837e8da37875535d5f0a1309aba0a86f259eee5e#rd
413,10.23早读 | 我们需要更多的女性掌舵，更多的有色人种掌舵，更多的残疾人掌舵,http://mp.weixin.qq.com/s?__biz=MzI4OTAyODUxNA==&mid=2653556004&idx=2&sn=9ccf6e362cce48208697aa0a08b5f62b&chksm=f7ebcde9c09c44ff177c7c06ba93c1584353477efee48fcbf68d05fdf67f33f6b6bd50929332#rd
414,每日听写10.18-10.22初级汇总,http://mp.weixin.qq.com/s?__biz=MzI4OTAyODUxNA==&mid=2653556004&idx=3&sn=bd117f66b14c06248fa98f2ff2a3f9ad&chksm=f7ebcde9c09c44ffdd2dc1832e7dc1e3866f81afd91623ad874bfa8581c98b56c2d3fbcd0626#rd
415,10.22早读 | 当我们做选择时，命运很少眷顾我们,http://mp.weixin.qq.com/s?__biz=MzI4OTAyODUxNA==&mid=2653555983&idx=1&sn=b5359d8f745af698971a476238cabafc&chksm=f7ebcdc2c09c44d4fd24935fdd1a262bf9fabf5d57947e762846a6a6f12aa1275dfac74338fb#rd
416,“渡过难关”用英语怎么说？,http://mp.weixin.qq.com/s?__biz=MzI4OTAyODUxNA==&mid=2653555983&idx=2&sn=d030d303b541668ba6a4a1217245ff02&chksm=f7ebcdc2c09c44d447d1050e6d6330dfff81b0448e75b1bd2b06cab1032189788af06e354c60#rd
417,每日听写|10.22,http://mp.weixin.qq.com/s?__biz=MzI4OTAyODUxNA==&mid=2653555983&idx=3&sn=042701883f9cef91c533f99605665a49&chksm=f7ebcdc2c09c44d4e1f845dcf6559ac84ddd5b0671f3ad625fe8aa7cd5ff42a4f029900aa0bd#rd
418,我们一起神翻译|10.22,http://mp.weixin.qq.com/s?__biz=MzI4OTAyODUxNA==&mid=2653555983&idx=4&sn=5d7f0d1513d83fd1ccb45ff430e1a319&chksm=f7ebcdc2c09c44d43c2f54d919a2a114c49c59c36533781e2a25a1d7c20a1935161fbebf3c9e#rd
419,每日一句|10.22,http://mp.weixin.qq.com/s?__biz=MzI4OTAyODUxNA==&mid=2653555983&idx=5&sn=9ed4aacabaa838fd937ed4fa20b1f3c6&chksm=f7ebcdc2c09c44d44737d527cf98c298dc6fd16b25f08bcd11ac00af0af9ddc9fc1b6b4aa177#rd
